FL_DATE,OP_CARRIER,TAIL_NUM,OP_CARRIER_FL_NUM,ORIGIN_AIRPORT_ID,ORIGIN,ORIGIN_CITY_NAME,DEST_AIRPORT_ID,DESTINATION,DEST_CITY_NAME,DEP_DELAY,ARR_DELAY,CANCELLED,AIR_TIME,DISTANCE,OCCUPANCY_RATE
2019-03-02,WN,N955WN,4591,14635,RSW,"Fort Myers, FL",11042,CLE,"Cleveland, OH",-8.0,-6.0,0.0,143.0,1025.0,0.97
2019-03-02,WN,N8686A,3231,14635,RSW,"Fort Myers, FL",11066,CMH,"Columbus, OH",1.0,5.0,0.0,135.0,930.0,0.55
2019-03-02,WN,N201LV,3383,14635,RSW,"Fort Myers, FL",11066,CMH,"Columbus, OH",0.0,4.0,0.0,132.0,930.0,0.91
2019-03-02,WN,N413WN,5498,14635,RSW,"Fort Myers, FL",11066,CMH,"Columbus, OH",11.0,14.0,0.0,136.0,930.0,0.67
2019-03-02,WN,N7832A,6933,14635,RSW,"Fort Myers, FL",11259,DAL,"Dallas, TX",0.0,-17.0,0.0,151.0,1005.0,0.62
2019-03-02,WN,N492WN,3960,14635,RSW,"Fort Myers, FL",11986,GRR,"Grand Rapids, MI",-2.0,-8.0,0.0,162.0,1147.0,0.49
2019-03-02,WN,N8634A,3826,14635,RSW,"Fort Myers, FL",12339,IND,"Indianapolis, IN",11.0,17.0,0.0,143.0,945.0,0.49
2019-03-02,WN,N210WN,4014,14635,RSW,"Fort Myers, FL",12339,IND,"Indianapolis, IN",-5.0,8.0,0.0,139.0,945.0,0.37
2019-03-02,WN,N232WN,4492,14635,RSW,"Fort Myers, FL",12339,IND,"Indianapolis, IN",-9.0,-16.0,0.0,135.0,945.0,0.31
2019-03-02,WN,N7889A,4899,14635,RSW,"Fort Myers, FL",12339,IND,"Indianapolis, IN",0.0,11.0,0.0,150.0,945.0,0.7
2019-03-02,WN,N937WN,2411,14635,RSW,"Fort Myers, FL",13198,MCI,"Kansas City, MO",-7.0,-5.0,0.0,180.0,1155.0,0.84
2019-03-02,WN,N782SA,2808,14635,RSW,"Fort Myers, FL",13232,MDW,"Chicago, IL",5.0,8.0,0.0,164.0,1105.0,0.8
2019-03-02,WN,N412WN,3714,14635,RSW,"Fort Myers, FL",13232,MDW,"Chicago, IL",-2.0,-4.0,0.0,164.0,1105.0,0.36
2019-03-02,WN,N8317M,4473,14635,RSW,"Fort Myers, FL",13232,MDW,"Chicago, IL",-2.0,11.0,0.0,173.0,1105.0,0.35
2019-03-02,WN,N223WN,4999,14635,RSW,"Fort Myers, FL",13232,MDW,"Chicago, IL",1.0,1.0,0.0,166.0,1105.0,0.67
2019-03-02,WN,N7845A,5459,14635,RSW,"Fort Myers, FL",13232,MDW,"Chicago, IL",-1.0,5.0,0.0,164.0,1105.0,0.3
2019-03-02,WN,N8614M,2435,14635,RSW,"Fort Myers, FL",13342,MKE,"Milwaukee, WI",-4.0,-6.0,0.0,173.0,1183.0,0.81
2019-03-02,WN,N7848A,2643,14635,RSW,"Fort Myers, FL",13342,MKE,"Milwaukee, WI",-3.0,-1.0,0.0,172.0,1183.0,0.94
2019-03-02,WN,N7734H,1541,14635,RSW,"Fort Myers, FL",14122,PIT,"Pittsburgh, PA",-2.0,1.0,0.0,134.0,966.0,0.88
2019-03-02,WN,N8574Z,4500,14635,RSW,"Fort Myers, FL",14122,PIT,"Pittsburgh, PA",-6.0,-17.0,0.0,126.0,966.0,0.88
2019-03-02,WN,N401WN,1718,14635,RSW,"Fort Myers, FL",14307,PVD,"Providence, RI",19.0,17.0,0.0,152.0,1200.0,0.42
2019-03-02,WN,N965WN,2961,14635,RSW,"Fort Myers, FL",14307,PVD,"Providence, RI",-5.0,-13.0,0.0,150.0,1200.0,0.38
2019-03-02,WN,N8730Q,4070,14635,RSW,"Fort Myers, FL",14576,ROC,"Rochester, NY",-1.0,11.0,0.0,166.0,1166.0,0.56
2019-03-02,WN,N496WN,2010,14635,RSW,"Fort Myers, FL",15016,STL,"St. Louis, MO",-3.0,2.0,0.0,150.0,979.0,0.7
2019-03-02,WN,N441WN,4914,14635,RSW,"Fort Myers, FL",15016,STL,"St. Louis, MO",10.0,7.0,0.0,137.0,979.0,0.99
2019-03-02,WN,N779SW,5007,14635,RSW,"Fort Myers, FL",15016,STL,"St. Louis, MO",8.0,14.0,0.0,146.0,979.0,0.75
2019-03-02,WN,N8671D,2791,14679,SAN,"San Diego, CA",10140,ABQ,"Albuquerque, NM",0.0,-19.0,0.0,69.0,628.0,0.88
2019-03-02,WN,N8606C,3250,14679,SAN,"San Diego, CA",10397,ATL,"Atlanta, GA",22.0,7.0,0.0,199.0,1892.0,0.58
2019-03-02,WN,N8525S,4721,14679,SAN,"San Diego, CA",10423,AUS,"Austin, TX",-2.0,-17.0,0.0,127.0,1164.0,0.39
2019-03-02,WN,N746SW,4446,14679,SAN,"San Diego, CA",10693,BNA,"Nashville, TN",28.0,8.0,0.0,175.0,1751.0,0.8
2019-03-02,WN,N8676A,4957,14679,SAN,"San Diego, CA",10713,BOI,"Boise, ID",35.0,22.0,0.0,111.0,749.0,0.98
2019-03-02,WN,N8321D,2629,14679,SAN,"San Diego, CA",10821,BWI,"Baltimore, MD",13.0,-7.0,0.0,234.0,2295.0,0.68
2019-03-02,WN,N8541W,3808,14679,SAN,"San Diego, CA",10821,BWI,"Baltimore, MD",43.0,15.0,0.0,234.0,2295.0,0.76
2019-03-02,WN,N7825A,2912,14679,SAN,"San Diego, CA",11259,DAL,"Dallas, TX",32.0,33.0,0.0,132.0,1182.0,0.61
2019-03-02,WN,N411WN,3504,14679,SAN,"San Diego, CA",11259,DAL,"Dallas, TX",-1.0,-23.0,0.0,130.0,1182.0,0.94
2019-03-02,WN,N212WN,2385,14679,SAN,"San Diego, CA",11292,DEN,"Denver, CO",-5.0,-24.0,0.0,99.0,853.0,0.78
2019-03-02,WN,N740SW,4769,14679,SAN,"San Diego, CA",11292,DEN,"Denver, CO",14.0,-10.0,0.0,92.0,853.0,0.36
2019-03-02,WN,N954WN,5447,14679,SAN,"San Diego, CA",11292,DEN,"Denver, CO",-6.0,-32.0,0.0,98.0,853.0,0.56
2019-03-02,WN,N8537Z,5454,14679,SAN,"San Diego, CA",11292,DEN,"Denver, CO",27.0,7.0,0.0,94.0,853.0,0.92
2019-03-02,WN,N274WN,5321,14679,SAN,"San Diego, CA",11540,ELP,"El Paso, TX",32.0,19.0,0.0,72.0,636.0,0.88
2019-03-02,WN,N8660A,3222,14679,SAN,"San Diego, CA",12191,HOU,"Houston, TX",44.0,21.0,0.0,138.0,1313.0,0.56
2019-03-02,WN,N265WN,3455,14679,SAN,"San Diego, CA",12191,HOU,"Houston, TX",0.0,-18.0,0.0,143.0,1313.0,0.43
2019-03-02,WN,N217JC,2041,14679,SAN,"San Diego, CA",12889,LAS,"Las Vegas, NV",37.0,74.0,0.0,55.0,258.0,0.5
2019-03-02,WN,N430WN,2420,14679,SAN,"San Diego, CA",12889,LAS,"Las Vegas, NV",66.0,59.0,0.0,49.0,258.0,0.43
2019-03-02,WN,N7707C,2735,14679,SAN,"San Diego, CA",12889,LAS,"Las Vegas, NV",31.0,20.0,0.0,47.0,258.0,0.36
2019-03-02,WN,N258WN,3033,14679,SAN,"San Diego, CA",12889,LAS,"Las Vegas, NV",132.0,149.0,0.0,59.0,258.0,0.87
2019-03-02,WN,N8656B,3462,14679,SAN,"San Diego, CA",12889,LAS,"Las Vegas, NV",29.0,39.0,0.0,55.0,258.0,0.34
2019-03-02,WN,N740SW,3699,14679,SAN,"San Diego, CA",12889,LAS,"Las Vegas, NV",23.0,13.0,0.0,49.0,258.0,0.87
2019-03-02,WN,N7842A,4548,14679,SAN,"San Diego, CA",12889,LAS,"Las Vegas, NV",-5.0,-11.0,0.0,50.0,258.0,0.39
2019-03-02,WN,N7883A,4835,14679,SAN,"San Diego, CA",12889,LAS,"Las Vegas, NV",-1.0,9.0,0.0,56.0,258.0,0.49
2019-03-02,WN,N7738A,2670,14679,SAN,"San Diego, CA",13198,MCI,"Kansas City, MO",-1.0,-24.0,0.0,138.0,1334.0,0.86
2019-03-02,WN,N8560Z,713,14679,SAN,"San Diego, CA",13204,MCO,"Orlando, FL",16.0,-3.0,0.0,228.0,2149.0,0.5
2019-03-02,WN,N8601C,3101,14679,SAN,"San Diego, CA",13232,MDW,"Chicago, IL",-1.0,-34.0,0.0,185.0,1728.0,0.41
2019-03-02,WN,N706SW,4841,14679,SAN,"San Diego, CA",13232,MDW,"Chicago, IL",28.0,-3.0,0.0,181.0,1728.0,0.91
2019-03-02,WN,N8690A,5237,14679,SAN,"San Diego, CA",13232,MDW,"Chicago, IL",32.0,10.0,0.0,179.0,1728.0,0.94
2019-03-02,WN,N8535S,2727,14679,SAN,"San Diego, CA",13495,MSY,"New Orleans, LA",60.0,30.0,0.0,163.0,1599.0,0.41
2019-03-02,WN,N770SA,1888,14679,SAN,"San Diego, CA",13796,OAK,"Oakland, CA",7.0,27.0,0.0,70.0,446.0,0.37
2019-03-02,WN,N8570W,2463,14679,SAN,"San Diego, CA",13796,OAK,"Oakland, CA",42.0,40.0,0.0,72.0,446.0,0.43
2019-03-02,WN,N902WN,2506,14679,SAN,"San Diego, CA",13796,OAK,"Oakland, CA",63.0,68.0,0.0,74.0,446.0,0.35
2019-03-02,WN,N7730A,2645,14679,SAN,"San Diego, CA",13796,OAK,"Oakland, CA",11.0,7.0,0.0,71.0,446.0,0.67
2019-03-02,WN,N944WN,2699,14679,SAN,"San Diego, CA",13796,OAK,"Oakland, CA",35.0,35.0,0.0,74.0,446.0,0.44
2019-03-02,WN,N711HK,3835,14679,SAN,"San Diego, CA",13796,OAK,"Oakland, CA",-6.0,-12.0,0.0,73.0,446.0,0.37
2019-03-02,WN,N778SW,4543,14679,SAN,"San Diego, CA",13796,OAK,"Oakland, CA",-4.0,2.0,0.0,73.0,446.0,0.66
2019-03-02,WN,N228WN,4726,14679,SAN,"San Diego, CA",13796,OAK,"Oakland, CA",2.0,9.0,0.0,71.0,446.0,0.68
2019-03-02,WN,N900WN,4884,14679,SAN,"San Diego, CA",13796,OAK,"Oakland, CA",-5.0,5.0,0.0,73.0,446.0,0.5
2019-03-02,WN,N711HK,2835,14679,SAN,"San Diego, CA",14057,PDX,"Portland, OR",7.0,11.0,0.0,136.0,933.0,0.79
2019-03-02,WN,N7729A,5025,14679,SAN,"San Diego, CA",14057,PDX,"Portland, OR",8.0,3.0,0.0,135.0,933.0,0.85
2019-03-02,WN,N909WN,43,14679,SAN,"San Diego, CA",14107,PHX,"Phoenix, AZ",-4.0,-19.0,0.0,45.0,304.0,0.91
2019-03-02,WN,N7707C,2731,14679,SAN,"San Diego, CA",14107,PHX,"Phoenix, AZ",49.0,40.0,0.0,47.0,304.0,0.53
2019-03-02,WN,N8612K,2990,14679,SAN,"San Diego, CA",14107,PHX,"Phoenix, AZ",30.0,24.0,0.0,44.0,304.0,0.87
2019-03-02,WN,N468WN,3579,14679,SAN,"San Diego, CA",14107,PHX,"Phoenix, AZ",43.0,27.0,0.0,44.0,304.0,0.51
2019-03-02,WN,N7740A,3591,14679,SAN,"San Diego, CA",14107,PHX,"Phoenix, AZ",10.0,-12.0,0.0,46.0,304.0,0.6
2019-03-02,WN,N237WN,4865,14679,SAN,"San Diego, CA",14107,PHX,"Phoenix, AZ",6.0,11.0,0.0,45.0,304.0,0.55
2019-03-02,WN,N277WN,5383,14679,SAN,"San Diego, CA",14107,PHX,"Phoenix, AZ",4.0,-5.0,0.0,49.0,304.0,0.53
2019-03-02,WN,N795SW,4388,14679,SAN,"San Diego, CA",14570,RNO,"Reno, NV",26.0,36.0,0.0,83.0,488.0,0.38
2019-03-02,WN,N906WN,4654,14679,SAN,"San Diego, CA",14570,RNO,"Reno, NV",21.0,32.0,0.0,77.0,488.0,0.5
2019-03-02,WN,N8581Z,5576,14679,SAN,"San Diego, CA",14570,RNO,"Reno, NV",0.0,1.0,0.0,72.0,488.0,0.52
2019-03-02,WN,N8640D,4297,14679,SAN,"San Diego, CA",14683,SAT,"San Antonio, TX",-2.0,-33.0,0.0,119.0,1129.0,0.72
2019-03-02,WN,N7829B,1695,14679,SAN,"San Diego, CA",14747,SEA,"Seattle, WA",42.0,29.0,0.0,151.0,1050.0,0.47
2019-03-02,WN,N921WN,4068,14679,SAN,"San Diego, CA",14771,SFO,"San Francisco, CA",38.0,50.0,0.0,73.0,447.0,0.8
2019-03-02,WN,N900WN,4501,14679,SAN,"San Diego, CA",14771,SFO,"San Francisco, CA",2.0,10.0,0.0,73.0,447.0,0.49
2019-03-02,WN,N958WN,4544,14679,SAN,"San Diego, CA",14771,SFO,"San Francisco, CA",-1.0,-10.0,0.0,74.0,447.0,0.7
2019-03-02,WN,N205WN,4890,14679,SAN,"San Diego, CA",14771,SFO,"San Francisco, CA",-4.0,-7.0,0.0,76.0,447.0,0.71
2019-03-02,WN,N7729A,5023,14679,SAN,"San Diego, CA",14771,SFO,"San Francisco, CA",-7.0,-7.0,0.0,73.0,447.0,0.56
2019-03-02,WN,N8652B,2509,14679,SAN,"San Diego, CA",14831,SJC,"San Jose, CA",7.0,22.0,0.0,75.0,417.0,0.74
2019-03-02,WN,N8702L,3046,14679,SAN,"San Diego, CA",14831,SJC,"San Jose, CA",25.0,26.0,0.0,69.0,417.0,0.6
2019-03-02,WN,N8564Z,3943,14679,SAN,"San Diego, CA",14831,SJC,"San Jose, CA",17.0,43.0,0.0,76.0,417.0,0.54
2019-03-02,WN,N8661A,4282,14679,SAN,"San Diego, CA",14831,SJC,"San Jose, CA",-6.0,-11.0,0.0,71.0,417.0,0.44
2019-03-02,WN,N786SW,4311,14679,SAN,"San Diego, CA",14831,SJC,"San Jose, CA",-3.0,5.0,0.0,66.0,417.0,0.58
2019-03-02,WN,N745SW,4451,14679,SAN,"San Diego, CA",14831,SJC,"San Jose, CA",62.0,67.0,0.0,72.0,417.0,0.78
2019-03-02,WN,N8316H,4601,14679,SAN,"San Diego, CA",14831,SJC,"San Jose, CA",2.0,3.0,0.0,68.0,417.0,0.88
2019-03-02,WN,N906WN,4657,14679,SAN,"San Diego, CA",14831,SJC,"San Jose, CA",-3.0,-7.0,0.0,71.0,417.0,0.46
2019-03-02,WN,N8308K,5580,14679,SAN,"San Diego, CA",14831,SJC,"San Jose, CA",-5.0,-2.0,0.0,65.0,417.0,0.98
2019-03-02,WN,N8651A,5882,14679,SAN,"San Diego, CA",14831,SJC,"San Jose, CA",1.0,27.0,0.0,70.0,417.0,0.76
2019-03-02,WN,N489WN,4524,14679,SAN,"San Diego, CA",14869,SLC,"Salt Lake City, UT",53.0,64.0,0.0,80.0,626.0,0.51
2019-03-02,WN,N8652B,2516,14679,SAN,"San Diego, CA",14893,SMF,"Sacramento, CA",-5.0,-10.0,0.0,76.0,480.0,0.36
2019-03-02,WN,N8671D,2789,14679,SAN,"San Diego, CA",14893,SMF,"Sacramento, CA",35.0,32.0,0.0,74.0,480.0,0.7
2019-03-02,WN,N966WN,3468,14679,SAN,"San Diego, CA",14893,SMF,"Sacramento, CA",2.0,0.0,0.0,72.0,480.0,0.87
2019-03-02,WN,N906WN,3544,14679,SAN,"San Diego, CA",14893,SMF,"Sacramento, CA",-1.0,-11.0,0.0,69.0,480.0,0.44
2019-03-02,WN,N706SW,4202,14679,SAN,"San Diego, CA",14893,SMF,"Sacramento, CA",5.0,20.0,0.0,74.0,480.0,0.87
2019-03-02,WN,N745SW,4494,14679,SAN,"San Diego, CA",14893,SMF,"Sacramento, CA",9.0,16.0,0.0,73.0,480.0,0.5
2019-03-02,WN,N271LV,4509,14679,SAN,"San Diego, CA",14893,SMF,"Sacramento, CA",10.0,3.0,0.0,72.0,480.0,0.99
2019-03-02,WN,N746SW,4512,14679,SAN,"San Diego, CA",14893,SMF,"Sacramento, CA",-7.0,1.0,0.0,72.0,480.0,0.63
2019-03-02,WN,N7831B,4858,14679,SAN,"San Diego, CA",14893,SMF,"Sacramento, CA",33.0,30.0,0.0,75.0,480.0,0.94
2019-03-02,WN,N7745A,4942,14679,SAN,"San Diego, CA",14893,SMF,"Sacramento, CA",18.0,16.0,0.0,74.0,480.0,0.72
2019-03-02,WN,N8629A,5162,14679,SAN,"San Diego, CA",14893,SMF,"Sacramento, CA",52.0,51.0,0.0,77.0,480.0,0.6
2019-03-02,WN,N7854B,4618,14679,SAN,"San Diego, CA",15016,STL,"St. Louis, MO",21.0,17.0,0.0,164.0,1557.0,0.34
2019-03-02,WN,N455WN,4888,14679,SAN,"San Diego, CA",15376,TUS,"Tucson, AZ",8.0,6.0,0.0,48.0,367.0,0.62
2019-03-02,WN,N938WN,4556,14683,SAT,"San Antonio, TX",10397,ATL,"Atlanta, GA",-3.0,-11.0,0.0,110.0,874.0,0.69
2019-03-02,WN,N924WN,3112,14683,SAT,"San Antonio, TX",10693,BNA,"Nashville, TN",-2.0,0.0,0.0,107.0,822.0,0.75
2019-03-02,WN,N734SA,3900,14683,SAT,"San Antonio, TX",10821,BWI,"Baltimore, MD",-4.0,-13.0,0.0,164.0,1407.0,0.73
2019-03-02,WN,N756SA,2240,14683,SAT,"San Antonio, TX",11259,DAL,"Dallas, TX",0.0,-14.0,0.0,42.0,248.0,0.62
2019-03-02,WN,N451WN,2699,14683,SAT,"San Antonio, TX",11259,DAL,"Dallas, TX",-5.0,-15.0,0.0,43.0,248.0,0.96
2019-03-02,WN,N961WN,3384,14683,SAT,"San Antonio, TX",11259,DAL,"Dallas, TX",-5.0,-19.0,0.0,41.0,248.0,0.99
2019-03-02,WN,N799SW,3608,14683,SAT,"San Antonio, TX",11259,DAL,"Dallas, TX",-6.0,-21.0,0.0,40.0,248.0,0.4
2019-03-02,WN,N438WN,4089,14683,SAT,"San Antonio, TX",11259,DAL,"Dallas, TX",15.0,-6.0,0.0,40.0,248.0,0.43
2019-03-02,WN,N8316H,4601,14683,SAT,"San Antonio, TX",11259,DAL,"Dallas, TX",-3.0,-19.0,0.0,43.0,248.0,0.71
2019-03-02,WN,N453WN,5431,14683,SAT,"San Antonio, TX",11259,DAL,"Dallas, TX",-4.0,-23.0,0.0,42.0,248.0,0.89
2019-03-02,WN,N8642E,3269,14683,SAT,"San Antonio, TX",11292,DEN,"Denver, CO",-7.0,2.0,0.0,129.0,794.0,0.55
2019-03-02,WN,N8696E,5426,14683,SAT,"San Antonio, TX",11292,DEN,"Denver, CO",-5.0,-8.0,0.0,118.0,794.0,0.98
2019-03-02,WN,N208WN,6514,14683,SAT,"San Antonio, TX",11540,ELP,"El Paso, TX",-3.0,-8.0,0.0,79.0,496.0,0.57
2019-03-02,WN,N8631A,4583,14683,SAT,"San Antonio, TX",11697,FLL,"Fort Lauderdale, FL",0.0,-3.0,0.0,130.0,1145.0,0.83
2019-03-02,WN,N947WN,2997,14683,SAT,"San Antonio, TX",12191,HOU,"Houston, TX",-4.0,-19.0,0.0,34.0,192.0,0.62
2019-03-02,WN,N7706A,3642,14683,SAT,"San Antonio, TX",12191,HOU,"Houston, TX",17.0,-2.0,0.0,38.0,192.0,0.53
2019-03-02,WN,N431WN,4555,14683,SAT,"San Antonio, TX",12191,HOU,"Houston, TX",-3.0,-26.0,0.0,32.0,192.0,0.38
2019-03-02,WN,N7736A,4565,14683,SAT,"San Antonio, TX",12191,HOU,"Houston, TX",-4.0,-16.0,0.0,34.0,192.0,0.53
2019-03-02,WN,N926WN,5417,14683,SAT,"San Antonio, TX",12191,HOU,"Houston, TX",,,1.0,,192.0,0.43
2019-03-02,WN,N8687A,4592,14683,SAT,"San Antonio, TX",12889,LAS,"Las Vegas, NV",0.0,-11.0,0.0,156.0,1069.0,0.72
2019-03-02,WN,N8603F,4736,14683,SAT,"San Antonio, TX",12889,LAS,"Las Vegas, NV",-6.0,13.0,0.0,171.0,1069.0,0.45
2019-03-02,WN,N8310C,4786,14683,SAT,"San Antonio, TX",12889,LAS,"Las Vegas, NV",-6.0,4.0,0.0,168.0,1069.0,0.47
2019-03-02,WN,N799SW,5307,14683,SAT,"San Antonio, TX",12889,LAS,"Las Vegas, NV",,,1.0,,1069.0,0.67
2019-03-02,WN,N960WN,4561,14683,SAT,"San Antonio, TX",13204,MCO,"Orlando, FL",-3.0,-10.0,0.0,127.0,1041.0,0.63
2019-03-02,WN,N440LV,4569,14683,SAT,"San Antonio, TX",13232,MDW,"Chicago, IL",-5.0,-13.0,0.0,135.0,1036.0,0.64
2019-03-02,WN,N720WN,3395,14683,SAT,"San Antonio, TX",13495,MSY,"New Orleans, LA",-2.0,-15.0,0.0,61.0,494.0,0.45
2019-03-02,WN,N8576Z,5276,14683,SAT,"San Antonio, TX",13796,OAK,"Oakland, CA",-7.0,-2.0,0.0,225.0,1476.0,0.86
2019-03-02,WN,N7825A,2912,14683,SAT,"San Antonio, TX",14107,PHX,"Phoenix, AZ",27.0,21.0,0.0,131.0,843.0,0.46
2019-03-02,WN,N440LV,4585,14683,SAT,"San Antonio, TX",14107,PHX,"Phoenix, AZ",,,1.0,,843.0,0.9
2019-03-02,WN,N8535S,2725,14683,SAT,"San Antonio, TX",14679,SAN,"San Diego, CA",-5.0,-1.0,0.0,180.0,1129.0,0.93
2019-03-02,WN,N931WN,5440,14683,SAT,"San Antonio, TX",15016,STL,"St. Louis, MO",-6.0,-8.0,0.0,106.0,786.0,0.78
2019-03-02,WN,N460WN,4570,14683,SAT,"San Antonio, TX",15304,TPA,"Tampa, FL",-4.0,13.0,0.0,113.0,972.0,0.49
2019-03-02,WN,N955WN,4589,14730,SDF,"Louisville, KY",10821,BWI,"Baltimore, MD",-6.0,-17.0,0.0,68.0,495.0,0.66
2019-03-02,WN,N7832A,6932,14730,SDF,"Louisville, KY",11259,DAL,"Dallas, TX",-5.0,-16.0,0.0,113.0,725.0,0.35
2019-03-02,WN,N7845A,1523,14730,SDF,"Louisville, KY",11292,DEN,"Denver, CO",-4.0,3.0,0.0,173.0,1024.0,0.78
2019-03-02,WN,N8731J,4983,14730,SDF,"Louisville, KY",12191,HOU,"Houston, TX",5.0,-5.0,0.0,123.0,803.0,0.61
2019-03-02,WN,N8562Z,4431,14730,SDF,"Louisville, KY",12889,LAS,"Las Vegas, NV",-1.0,0.0,0.0,242.0,1624.0,0.34
2019-03-02,WN,N472WN,4488,14730,SDF,"Louisville, KY",13204,MCO,"Orlando, FL",0.0,-8.0,0.0,93.0,719.0,0.96
2019-03-02,WN,N922WN,4593,14730,SDF,"Louisville, KY",13204,MCO,"Orlando, FL",-5.0,-15.0,0.0,94.0,719.0,0.57
2019-03-02,WN,N8705Q,3845,14730,SDF,"Louisville, KY",13232,MDW,"Chicago, IL",0.0,-7.0,0.0,53.0,271.0,0.97
2019-03-02,WN,N7827A,4600,14730,SDF,"Louisville, KY",13232,MDW,"Chicago, IL",-8.0,-19.0,0.0,52.0,271.0,0.96
2019-03-02,WN,N8534Z,4616,14730,SDF,"Louisville, KY",14107,PHX,"Phoenix, AZ",-1.0,-19.0,0.0,224.0,1506.0,0.99
2019-03-02,WN,N769SW,2774,14730,SDF,"Louisville, KY",15304,TPA,"Tampa, FL",-3.0,-23.0,0.0,91.0,727.0,0.73
2019-03-02,WN,N8653A,4906,14747,SEA,"Seattle, WA",11259,DAL,"Dallas, TX",14.0,2.0,0.0,195.0,1670.0,0.75
2019-03-02,WN,N959WN,2744,14747,SEA,"Seattle, WA",11292,DEN,"Denver, CO",12.0,1.0,0.0,124.0,1024.0,0.44
2019-03-02,WN,N225WN,3155,14747,SEA,"Seattle, WA",11292,DEN,"Denver, CO",1.0,2.0,0.0,125.0,1024.0,0.66
2019-03-02,WN,N8613K,3145,14747,SEA,"Seattle, WA",12889,LAS,"Las Vegas, NV",-4.0,-17.0,0.0,115.0,867.0,0.35
2019-03-02,WN,N457WN,4638,14747,SEA,"Seattle, WA",12889,LAS,"Las Vegas, NV",-4.0,-8.0,0.0,123.0,867.0,0.39
2019-03-02,WN,N8529Z,5356,14747,SEA,"Seattle, WA",13232,MDW,"Chicago, IL",0.0,-28.0,0.0,194.0,1733.0,0.97
2019-03-02,WN,N943WN,3574,14747,SEA,"Seattle, WA",13796,OAK,"Oakland, CA",-4.0,-11.0,0.0,106.0,672.0,0.55
2019-03-02,WN,N251WN,3945,14747,SEA,"Seattle, WA",13796,OAK,"Oakland, CA",-7.0,-8.0,0.0,99.0,672.0,0.52
2019-03-02,WN,N459WN,4075,14747,SEA,"Seattle, WA",13796,OAK,"Oakland, CA",-1.0,-7.0,0.0,101.0,672.0,0.46
2019-03-02,WN,N7853B,4639,14747,SEA,"Seattle, WA",13796,OAK,"Oakland, CA",-1.0,9.0,0.0,119.0,672.0,0.69
2019-03-02,WN,N8734Q,3762,14747,SEA,"Seattle, WA",14107,PHX,"Phoenix, AZ",5.0,8.0,0.0,141.0,1107.0,0.8
2019-03-02,WN,N8692F,4641,14747,SEA,"Seattle, WA",14107,PHX,"Phoenix, AZ",-3.0,2.0,0.0,149.0,1107.0,0.87
2019-03-02,WN,N8677A,5360,14747,SEA,"Seattle, WA",14107,PHX,"Phoenix, AZ",-2.0,-10.0,0.0,141.0,1107.0,0.61
2019-03-02,WN,N8624J,5608,14747,SEA,"Seattle, WA",14107,PHX,"Phoenix, AZ",-6.0,-19.0,0.0,141.0,1107.0,0.84
2019-03-02,WN,N7854B,4618,14747,SEA,"Seattle, WA",14679,SAN,"San Diego, CA",1.0,1.0,0.0,145.0,1050.0,0.57
2019-03-02,WN,N7882B,2442,14747,SEA,"Seattle, WA",14831,SJC,"San Jose, CA",-7.0,-12.0,0.0,101.0,696.0,0.88
2019-03-02,WN,N930WN,4627,14747,SEA,"Seattle, WA",14831,SJC,"San Jose, CA",-5.0,-6.0,0.0,108.0,696.0,0.5
2019-03-02,WN,N204WN,4795,14747,SEA,"Seattle, WA",14831,SJC,"San Jose, CA",-5.0,-24.0,0.0,100.0,696.0,0.69
2019-03-02,WN,N916WN,2751,14747,SEA,"Seattle, WA",14893,SMF,"Sacramento, CA",-1.0,-7.0,0.0,89.0,605.0,0.73
2019-03-02,WN,N8733M,3942,14747,SEA,"Seattle, WA",15016,STL,"St. Louis, MO",38.0,36.0,0.0,184.0,1709.0,0.51
2019-03-02,WN,N921WN,4069,14771,SFO,"San Francisco, CA",10800,BUR,"Burbank, CA",6.0,-12.0,0.0,49.0,326.0,0.41
2019-03-02,WN,N292WN,4645,14771,SFO,"San Francisco, CA",10800,BUR,"Burbank, CA",-1.0,-17.0,0.0,51.0,326.0,0.63
2019-03-02,WN,N8526W,2668,14771,SFO,"San Francisco, CA",11259,DAL,"Dallas, TX",1.0,-21.0,0.0,168.0,1476.0,0.52
2019-03-02,WN,N8313F,2311,14771,SFO,"San Francisco, CA",11292,DEN,"Denver, CO",36.0,32.0,0.0,119.0,967.0,0.66
2019-03-02,WN,N8681M,2422,14771,SFO,"San Francisco, CA",11292,DEN,"Denver, CO",22.0,15.0,0.0,115.0,967.0,0.38
2019-03-02,WN,N436WN,4683,14771,SFO,"San Francisco, CA",11292,DEN,"Denver, CO",-3.0,-14.0,0.0,121.0,967.0,0.34
2019-03-02,WN,N8551Q,2485,14771,SFO,"San Francisco, CA",12889,LAS,"Las Vegas, NV",11.0,-12.0,0.0,59.0,414.0,0.31
2019-03-02,WN,N794SW,2532,14771,SFO,"San Francisco, CA",12889,LAS,"Las Vegas, NV",2.0,-12.0,0.0,61.0,414.0,0.59
2019-03-02,WN,N8575Z,2565,14771,SFO,"San Francisco, CA",12889,LAS,"Las Vegas, NV",9.0,-3.0,0.0,65.0,414.0,0.48
2019-03-02,WN,N8727M,4689,14771,SFO,"San Francisco, CA",12889,LAS,"Las Vegas, NV",8.0,3.0,0.0,70.0,414.0,0.83
2019-03-02,WN,N227WN,5203,14771,SFO,"San Francisco, CA",12889,LAS,"Las Vegas, NV",-4.0,-13.0,0.0,66.0,414.0,0.38
2019-03-02,WN,N456WN,2669,14771,SFO,"San Francisco, CA",12892,LAX,"Los Angeles, CA",,,1.0,,337.0,0.61
2019-03-02,WN,N552WN,2677,14771,SFO,"San Francisco, CA",12892,LAX,"Los Angeles, CA",3.0,-8.0,0.0,55.0,337.0,0.92
2019-03-02,WN,N900WN,3465,14771,SFO,"San Francisco, CA",12892,LAX,"Los Angeles, CA",-3.0,-20.0,0.0,50.0,337.0,0.3
2019-03-02,WN,N288WN,3743,14771,SFO,"San Francisco, CA",12892,LAX,"Los Angeles, CA",0.0,-6.0,0.0,56.0,337.0,0.82
2019-03-02,WN,N417WN,4664,14771,SFO,"San Francisco, CA",12892,LAX,"Los Angeles, CA",1.0,-17.0,0.0,53.0,337.0,0.79
2019-03-02,WN,N8619F,2665,14771,SFO,"San Francisco, CA",13232,MDW,"Chicago, IL",2.0,-26.0,0.0,200.0,1855.0,0.85
2019-03-02,WN,N8600F,2707,14771,SFO,"San Francisco, CA",14107,PHX,"Phoenix, AZ",18.0,4.0,0.0,79.0,651.0,0.93
2019-03-02,WN,N468WN,3577,14771,SFO,"San Francisco, CA",14107,PHX,"Phoenix, AZ",8.0,1.0,0.0,85.0,651.0,0.62
2019-03-02,WN,N7828A,5371,14771,SFO,"San Francisco, CA",14107,PHX,"Phoenix, AZ",,,1.0,,651.0,0.69
2019-03-02,WN,N212WN,2385,14771,SFO,"San Francisco, CA",14679,SAN,"San Diego, CA",13.0,-6.0,0.0,60.0,447.0,0.54
2019-03-02,WN,N411WN,3504,14771,SFO,"San Francisco, CA",14679,SAN,"San Diego, CA",1.0,-11.0,0.0,61.0,447.0,0.49
2019-03-02,WN,N966WN,3679,14771,SFO,"San Francisco, CA",14679,SAN,"San Diego, CA",0.0,-6.0,0.0,67.0,447.0,0.59
2019-03-02,WN,N489WN,4524,14771,SFO,"San Francisco, CA",14679,SAN,"San Diego, CA",48.0,42.0,0.0,75.0,447.0,0.67
2019-03-02,WN,N7729A,5025,14771,SFO,"San Francisco, CA",14679,SAN,"San Diego, CA",-2.0,-6.0,0.0,60.0,447.0,0.43
2019-03-02,WN,N7828A,4701,14771,SFO,"San Francisco, CA",15016,STL,"St. Louis, MO",-5.0,-29.0,0.0,184.0,1735.0,0.58
2019-03-02,WN,N204WN,4795,14831,SJC,"San Jose, CA",10423,AUS,"Austin, TX",8.0,-18.0,0.0,161.0,1476.0,0.44
2019-03-02,WN,N294WN,4134,14831,SJC,"San Jose, CA",10713,BOI,"Boise, ID",-10.0,-18.0,0.0,69.0,523.0,0.56
2019-03-02,WN,N786SW,1364,14831,SJC,"San Jose, CA",10800,BUR,"Burbank, CA",1.0,-9.0,0.0,45.0,296.0,0.55
2019-03-02,WN,N969WN,2334,14831,SJC,"San Jose, CA",10800,BUR,"Burbank, CA",-6.0,-15.0,0.0,43.0,296.0,0.96
2019-03-02,WN,N8651A,4204,14831,SJC,"San Jose, CA",10800,BUR,"Burbank, CA",48.0,41.0,0.0,43.0,296.0,0.78
2019-03-02,WN,N8310C,4659,14831,SJC,"San Jose, CA",10800,BUR,"Burbank, CA",165.0,162.0,0.0,45.0,296.0,0.5
2019-03-02,WN,N765SW,4722,14831,SJC,"San Jose, CA",10800,BUR,"Burbank, CA",5.0,-7.0,0.0,46.0,296.0,0.99
2019-03-02,WN,N8603F,4740,14831,SJC,"San Jose, CA",11259,DAL,"Dallas, TX",1.0,-25.0,0.0,165.0,1450.0,0.4
2019-03-02,WN,N8661A,4282,14831,SJC,"San Jose, CA",11292,DEN,"Denver, CO",-5.0,-15.0,0.0,117.0,948.0,0.79
2019-03-02,WN,N7813P,5043,14831,SJC,"San Jose, CA",11292,DEN,"Denver, CO",4.0,-1.0,0.0,128.0,948.0,0.92
2019-03-02,WN,N8549Z,3097,14831,SJC,"San Jose, CA",11884,GEG,"Spokane, WA",-12.0,-22.0,0.0,97.0,742.0,0.85
2019-03-02,WN,N8732S,4364,14831,SJC,"San Jose, CA",12191,HOU,"Houston, TX",100.0,70.0,0.0,174.0,1621.0,0.76
2019-03-02,WN,N458WN,893,14831,SJC,"San Jose, CA",12889,LAS,"Las Vegas, NV",,,1.0,,386.0,0.47
2019-03-02,WN,N248WN,1051,14831,SJC,"San Jose, CA",12889,LAS,"Las Vegas, NV",-4.0,-17.0,0.0,56.0,386.0,0.53
2019-03-02,WN,N292WN,2654,14831,SJC,"San Jose, CA",12889,LAS,"Las Vegas, NV",-1.0,-11.0,0.0,59.0,386.0,0.68
2019-03-02,WN,N8564Z,3943,14831,SJC,"San Jose, CA",12889,LAS,"Las Vegas, NV",29.0,58.0,0.0,57.0,386.0,0.57
2019-03-02,WN,N778SW,4021,14831,SJC,"San Jose, CA",12889,LAS,"Las Vegas, NV",-6.0,-18.0,0.0,51.0,386.0,0.84
2019-03-02,WN,N7841A,4207,14831,SJC,"San Jose, CA",12889,LAS,"Las Vegas, NV",-1.0,13.0,0.0,58.0,386.0,0.51
2019-03-02,WN,N930WN,4627,14831,SJC,"San Jose, CA",12889,LAS,"Las Vegas, NV",-3.0,-13.0,0.0,59.0,386.0,0.82
2019-03-02,WN,N7882B,2442,14831,SJC,"San Jose, CA",12892,LAX,"Los Angeles, CA",-7.0,-23.0,0.0,49.0,308.0,0.79
2019-03-02,WN,N7822A,3022,14831,SJC,"San Jose, CA",12892,LAX,"Los Angeles, CA",-2.0,-17.0,0.0,50.0,308.0,0.56
2019-03-02,WN,N8679A,4462,14831,SJC,"San Jose, CA",12892,LAX,"Los Angeles, CA",13.0,13.0,0.0,46.0,308.0,0.48
2019-03-02,WN,N941WN,4480,14831,SJC,"San Jose, CA",12892,LAX,"Los Angeles, CA",46.0,34.0,0.0,55.0,308.0,0.96
2019-03-02,WN,N8539V,4606,14831,SJC,"San Jose, CA",12892,LAX,"Los Angeles, CA",6.0,5.0,0.0,53.0,308.0,0.32
2019-03-02,WN,N552WN,4699,14831,SJC,"San Jose, CA",12892,LAX,"Los Angeles, CA",-1.0,32.0,0.0,50.0,308.0,0.49
2019-03-02,WN,N8306H,4767,14831,SJC,"San Jose, CA",13232,MDW,"Chicago, IL",1.0,-26.0,0.0,206.0,1838.0,0.4
2019-03-02,WN,N7818L,2625,14831,SJC,"San Jose, CA",13891,ONT,"Ontario, CA",0.0,-5.0,0.0,49.0,333.0,0.77
2019-03-02,WN,N906WN,2632,14831,SJC,"San Jose, CA",13891,ONT,"Ontario, CA",-6.0,-22.0,0.0,47.0,333.0,0.7
2019-03-02,WN,N458WN,2977,14831,SJC,"San Jose, CA",13891,ONT,"Ontario, CA",-2.0,-4.0,0.0,51.0,333.0,0.61
2019-03-02,WN,N7863A,4104,14831,SJC,"San Jose, CA",14057,PDX,"Portland, OR",-6.0,-19.0,0.0,81.0,569.0,0.99
2019-03-02,WN,N8308K,5369,14831,SJC,"San Jose, CA",14057,PDX,"Portland, OR",-3.0,-8.0,0.0,85.0,569.0,0.44
2019-03-02,WN,N8549Z,3094,14831,SJC,"San Jose, CA",14107,PHX,"Phoenix, AZ",-4.0,-17.0,0.0,78.0,621.0,0.97
2019-03-02,WN,N7866A,4459,14831,SJC,"San Jose, CA",14107,PHX,"Phoenix, AZ",3.0,-20.0,0.0,77.0,621.0,0.31
2019-03-02,WN,N8657B,4717,14831,SJC,"San Jose, CA",14107,PHX,"Phoenix, AZ",5.0,-20.0,0.0,80.0,621.0,0.36
2019-03-02,WN,N785SW,4908,14831,SJC,"San Jose, CA",14107,PHX,"Phoenix, AZ",-2.0,-33.0,0.0,75.0,621.0,0.89
2019-03-02,WN,N749SW,1655,14831,SJC,"San Jose, CA",14570,RNO,"Reno, NV",-2.0,-12.0,0.0,38.0,188.0,0.89
2019-03-02,WN,N7881A,2213,14831,SJC,"San Jose, CA",14679,SAN,"San Diego, CA",-10.0,-2.0,0.0,54.0,417.0,0.58
2019-03-02,WN,N8652B,2513,14831,SJC,"San Jose, CA",14679,SAN,"San Diego, CA",2.0,4.0,0.0,53.0,417.0,0.62
2019-03-02,WN,N7825A,2912,14831,SJC,"San Jose, CA",14679,SAN,"San Diego, CA",7.0,-5.0,0.0,57.0,417.0,0.87
2019-03-02,WN,N8537Z,3041,14831,SJC,"San Jose, CA",14679,SAN,"San Diego, CA",8.0,14.0,0.0,55.0,417.0,0.43
2019-03-02,WN,N8640D,4297,14831,SJC,"San Jose, CA",14679,SAN,"San Diego, CA",-5.0,-17.0,0.0,51.0,417.0,0.62
2019-03-02,WN,N473WN,4507,14831,SJC,"San Jose, CA",14679,SAN,"San Diego, CA",-4.0,-18.0,0.0,54.0,417.0,0.62
2019-03-02,WN,N958WN,4542,14831,SJC,"San Jose, CA",14679,SAN,"San Diego, CA",1.0,-8.0,0.0,54.0,417.0,0.84
2019-03-02,WN,N780SW,4688,14831,SJC,"San Jose, CA",14679,SAN,"San Diego, CA",3.0,-7.0,0.0,57.0,417.0,0.78
2019-03-02,WN,N8525S,4721,14831,SJC,"San Jose, CA",14679,SAN,"San Diego, CA",-5.0,4.0,0.0,71.0,417.0,0.89
2019-03-02,WN,N237WN,4865,14831,SJC,"San Jose, CA",14679,SAN,"San Diego, CA",-1.0,-1.0,0.0,67.0,417.0,0.36
2019-03-02,WN,N959WN,2744,14831,SJC,"San Jose, CA",14747,SEA,"Seattle, WA",16.0,1.0,0.0,98.0,696.0,0.98
2019-03-02,WN,N469WN,3602,14831,SJC,"San Jose, CA",14747,SEA,"Seattle, WA",68.0,50.0,0.0,97.0,696.0,0.42
2019-03-02,WN,N7882B,5241,14831,SJC,"San Jose, CA",14747,SEA,"Seattle, WA",15.0,-6.0,0.0,96.0,696.0,0.87
2019-03-02,WN,N416WN,2793,14831,SJC,"San Jose, CA",14869,SLC,"Salt Lake City, UT",-1.0,-8.0,0.0,82.0,584.0,0.92
2019-03-02,WN,N484WN,2761,14831,SJC,"San Jose, CA",14908,SNA,"Santa Ana, CA",-7.0,-17.0,0.0,52.0,342.0,0.43
2019-03-02,WN,N229WN,3583,14831,SJC,"San Jose, CA",14908,SNA,"Santa Ana, CA",-7.0,-17.0,0.0,58.0,342.0,0.93
2019-03-02,WN,N7859B,4195,14831,SJC,"San Jose, CA",14908,SNA,"Santa Ana, CA",1.0,-6.0,0.0,52.0,342.0,0.48
2019-03-02,WN,N941WN,4306,14831,SJC,"San Jose, CA",14908,SNA,"Santa Ana, CA",-5.0,-14.0,0.0,53.0,342.0,0.74
2019-03-02,WN,N709SW,4315,14831,SJC,"San Jose, CA",14908,SNA,"Santa Ana, CA",20.0,24.0,0.0,57.0,342.0,0.78
2019-03-02,WN,N205WN,4703,14831,SJC,"San Jose, CA",14908,SNA,"Santa Ana, CA",-6.0,-7.0,0.0,58.0,342.0,0.45
2019-03-02,WN,N8647A,3024,14831,SJC,"San Jose, CA",15016,STL,"St. Louis, MO",4.0,-11.0,0.0,187.0,1715.0,0.53
2019-03-02,WN,N7861J,1490,14843,SJU,"San Juan, PR",10821,BWI,"Baltimore, MD",6.0,-4.0,0.0,229.0,1565.0,0.88
2019-03-02,WN,N8644C,3664,14843,SJU,"San Juan, PR",10821,BWI,"Baltimore, MD",-2.0,-7.0,0.0,229.0,1565.0,0.83
2019-03-02,WN,N242WN,4749,14843,SJU,"San Juan, PR",10821,BWI,"Baltimore, MD",-3.0,-14.0,0.0,223.0,1565.0,0.57
2019-03-02,WN,N298WN,3122,14843,SJU,"San Juan, PR",11697,FLL,"Fort Lauderdale, FL",-1.0,-13.0,0.0,146.0,1046.0,0.94
2019-03-02,WN,N479WN,4336,14843,SJU,"San Juan, PR",11697,FLL,"Fort Lauderdale, FL",-5.0,-18.0,0.0,145.0,1046.0,0.55
2019-03-02,WN,N480WN,5359,14843,SJU,"San Juan, PR",11697,FLL,"Fort Lauderdale, FL",12.0,-2.0,0.0,144.0,1046.0,0.94
2019-03-02,WN,N8530W,4380,14843,SJU,"San Juan, PR",12191,HOU,"Houston, TX",23.0,12.0,0.0,271.0,1997.0,0.67
2019-03-02,WN,N7713A,2177,14843,SJU,"San Juan, PR",13204,MCO,"Orlando, FL",-2.0,-14.0,0.0,166.0,1189.0,0.96
2019-03-02,WN,N789SW,2739,14843,SJU,"San Juan, PR",13204,MCO,"Orlando, FL",-1.0,-10.0,0.0,166.0,1189.0,0.42
2019-03-02,WN,N747SA,2787,14843,SJU,"San Juan, PR",13204,MCO,"Orlando, FL",40.0,50.0,0.0,166.0,1189.0,0.68
2019-03-02,WN,N762SW,2954,14843,SJU,"San Juan, PR",13204,MCO,"Orlando, FL",-1.0,-16.0,0.0,163.0,1189.0,0.35
2019-03-02,WN,N8301J,3397,14843,SJU,"San Juan, PR",13232,MDW,"Chicago, IL",0.0,14.0,0.0,298.0,2057.0,0.56
2019-03-02,WN,N247WN,1751,14843,SJU,"San Juan, PR",15304,TPA,"Tampa, FL",-4.0,-7.0,0.0,169.0,1237.0,0.81
2019-03-02,WN,N8314L,3067,14843,SJU,"San Juan, PR",15304,TPA,"Tampa, FL",-3.0,-9.0,0.0,168.0,1237.0,0.65
2019-03-02,WN,N8683D,4781,14869,SLC,"Salt Lake City, UT",10821,BWI,"Baltimore, MD",0.0,-23.0,0.0,200.0,1865.0,0.5
2019-03-02,WN,N416WN,2793,14869,SLC,"Salt Lake City, UT",11259,DAL,"Dallas, TX",-4.0,-28.0,0.0,121.0,999.0,0.3
2019-03-02,WN,N8561Z,4768,14869,SLC,"Salt Lake City, UT",11259,DAL,"Dallas, TX",-2.0,-23.0,0.0,118.0,999.0,0.76
2019-03-02,WN,N418WN,1904,14869,SLC,"Salt Lake City, UT",11292,DEN,"Denver, CO",51.0,75.0,0.0,62.0,391.0,0.78
2019-03-02,WN,N7835A,2826,14869,SLC,"Salt Lake City, UT",11292,DEN,"Denver, CO",11.0,8.0,0.0,62.0,391.0,0.63
2019-03-02,WN,N923WN,3083,14869,SLC,"Salt Lake City, UT",11292,DEN,"Denver, CO",-1.0,12.0,0.0,62.0,391.0,0.78
2019-03-02,WN,N787SA,4257,14869,SLC,"Salt Lake City, UT",11292,DEN,"Denver, CO",-3.0,-13.0,0.0,56.0,391.0,0.72
2019-03-02,WN,N7850B,4778,14869,SLC,"Salt Lake City, UT",11292,DEN,"Denver, CO",2.0,-13.0,0.0,64.0,391.0,0.52
2019-03-02,WN,N7873A,2198,14869,SLC,"Salt Lake City, UT",12889,LAS,"Las Vegas, NV",-1.0,-5.0,0.0,60.0,368.0,0.88
2019-03-02,WN,N8674B,3027,14869,SLC,"Salt Lake City, UT",12889,LAS,"Las Vegas, NV",4.0,10.0,0.0,60.0,368.0,0.93
2019-03-02,WN,N7716A,4160,14869,SLC,"Salt Lake City, UT",12889,LAS,"Las Vegas, NV",-1.0,-2.0,0.0,57.0,368.0,0.42
2019-03-02,WN,N489WN,4525,14869,SLC,"Salt Lake City, UT",12889,LAS,"Las Vegas, NV",69.0,78.0,0.0,60.0,368.0,0.89
2019-03-02,WN,N926WN,4775,14869,SLC,"Salt Lake City, UT",12892,LAX,"Los Angeles, CA",16.0,25.0,0.0,94.0,590.0,0.44
2019-03-02,WN,N7838A,4792,14869,SLC,"Salt Lake City, UT",12892,LAX,"Los Angeles, CA",0.0,1.0,0.0,116.0,590.0,0.95
2019-03-02,WN,N456WN,2669,14869,SLC,"Salt Lake City, UT",13232,MDW,"Chicago, IL",31.0,23.0,0.0,141.0,1259.0,0.49
2019-03-02,WN,N7862A,2788,14869,SLC,"Salt Lake City, UT",13232,MDW,"Chicago, IL",0.0,-16.0,0.0,144.0,1259.0,0.76
2019-03-02,WN,N283WN,4772,14869,SLC,"Salt Lake City, UT",13232,MDW,"Chicago, IL",0.0,-28.0,0.0,142.0,1259.0,0.61
2019-03-02,WN,N7715E,4220,14869,SLC,"Salt Lake City, UT",13796,OAK,"Oakland, CA",29.0,16.0,0.0,92.0,588.0,0.43
2019-03-02,WN,N8580Z,6014,14869,SLC,"Salt Lake City, UT",13796,OAK,"Oakland, CA",-3.0,-8.0,0.0,93.0,588.0,0.54
2019-03-02,WN,N8719Q,2388,14869,SLC,"Salt Lake City, UT",14107,PHX,"Phoenix, AZ",29.0,25.0,0.0,79.0,507.0,0.97
2019-03-02,WN,N778SW,4021,14869,SLC,"Salt Lake City, UT",14107,PHX,"Phoenix, AZ",1.0,-7.0,0.0,74.0,507.0,1.0
2019-03-02,WN,N740SW,4769,14869,SLC,"Salt Lake City, UT",14107,PHX,"Phoenix, AZ",3.0,-5.0,0.0,79.0,507.0,0.5
2019-03-02,WN,N8640D,5311,14869,SLC,"Salt Lake City, UT",14107,PHX,"Phoenix, AZ",-3.0,-8.0,0.0,82.0,507.0,1.0
2019-03-02,WN,N8677A,5542,14869,SLC,"Salt Lake City, UT",14107,PHX,"Phoenix, AZ",-5.0,5.0,0.0,76.0,507.0,0.84
2019-03-02,WN,N258WN,3033,14869,SLC,"Salt Lake City, UT",14679,SAN,"San Diego, CA",24.0,43.0,0.0,109.0,626.0,0.49
2019-03-02,WN,N7813P,5043,14869,SLC,"Salt Lake City, UT",14831,SJC,"San Jose, CA",0.0,-8.0,0.0,102.0,584.0,0.96
2019-03-02,WN,N7712G,3357,14869,SLC,"Salt Lake City, UT",14893,SMF,"Sacramento, CA",31.0,50.0,0.0,84.0,532.0,0.95
2019-03-02,WN,N457WN,4638,14893,SMF,"Sacramento, CA",10713,BOI,"Boise, ID",20.0,8.0,0.0,62.0,437.0,0.52
2019-03-02,WN,N7824A,2143,14893,SMF,"Sacramento, CA",10800,BUR,"Burbank, CA",-5.0,-16.0,0.0,54.0,358.0,0.64
2019-03-02,WN,N763SW,4185,14893,SMF,"Sacramento, CA",10800,BUR,"Burbank, CA",-4.0,-14.0,0.0,55.0,358.0,0.86
2019-03-02,WN,N966WN,4513,14893,SMF,"Sacramento, CA",10800,BUR,"Burbank, CA",-2.0,-13.0,0.0,56.0,358.0,0.73
2019-03-02,WN,N8309C,4796,14893,SMF,"Sacramento, CA",10800,BUR,"Burbank, CA",4.0,-5.0,0.0,58.0,358.0,0.69
2019-03-02,WN,N7856A,4812,14893,SMF,"Sacramento, CA",11259,DAL,"Dallas, TX",7.0,-13.0,0.0,162.0,1442.0,0.51
2019-03-02,WN,N8638A,1809,14893,SMF,"Sacramento, CA",11292,DEN,"Denver, CO",23.0,20.0,0.0,114.0,909.0,0.34
2019-03-02,WN,N415WN,2829,14893,SMF,"Sacramento, CA",11292,DEN,"Denver, CO",46.0,33.0,0.0,113.0,909.0,0.41
2019-03-02,WN,N7751A,5571,14893,SMF,"Sacramento, CA",11292,DEN,"Denver, CO",6.0,-4.0,0.0,107.0,909.0,1.0
2019-03-02,WN,N8728Q,3630,14893,SMF,"Sacramento, CA",11884,GEG,"Spokane, WA",-3.0,-14.0,0.0,84.0,649.0,0.36
2019-03-02,WN,N7740A,2028,14893,SMF,"Sacramento, CA",12889,LAS,"Las Vegas, NV",-3.0,-13.0,0.0,59.0,397.0,0.64
2019-03-02,WN,N271LV,2506,14893,SMF,"Sacramento, CA",12889,LAS,"Las Vegas, NV",22.0,14.0,0.0,58.0,397.0,0.92
2019-03-02,WN,N8637A,3520,14893,SMF,"Sacramento, CA",12889,LAS,"Las Vegas, NV",-1.0,-9.0,0.0,60.0,397.0,0.66
2019-03-02,WN,N7716A,4172,14893,SMF,"Sacramento, CA",12889,LAS,"Las Vegas, NV",-2.0,-9.0,0.0,62.0,397.0,0.55
2019-03-02,WN,N745SW,4646,14893,SMF,"Sacramento, CA",12889,LAS,"Las Vegas, NV",56.0,51.0,0.0,63.0,397.0,0.37
2019-03-02,WN,N561WN,4831,14893,SMF,"Sacramento, CA",12889,LAS,"Las Vegas, NV",0.0,1.0,0.0,62.0,397.0,0.74
2019-03-02,WN,N483WN,2810,14893,SMF,"Sacramento, CA",12892,LAX,"Los Angeles, CA",-2.0,27.0,0.0,61.0,373.0,0.5
2019-03-02,WN,N725SW,4806,14893,SMF,"Sacramento, CA",12892,LAX,"Los Angeles, CA",-4.0,-20.0,0.0,61.0,373.0,0.49
2019-03-02,WN,N765SW,4845,14893,SMF,"Sacramento, CA",12892,LAX,"Los Angeles, CA",51.0,40.0,0.0,64.0,373.0,0.64
2019-03-02,WN,N8707P,5464,14893,SMF,"Sacramento, CA",12892,LAX,"Los Angeles, CA",14.0,3.0,0.0,57.0,373.0,0.64
2019-03-02,WN,N271LV,5494,14893,SMF,"Sacramento, CA",12892,LAX,"Los Angeles, CA",33.0,24.0,0.0,64.0,373.0,0.66
2019-03-02,WN,N8629A,2406,14893,SMF,"Sacramento, CA",12954,LGB,"Long Beach, CA",12.0,3.0,0.0,61.0,387.0,0.54
2019-03-02,WN,N555LV,4579,14893,SMF,"Sacramento, CA",12954,LGB,"Long Beach, CA",2.0,-5.0,0.0,63.0,387.0,0.53
2019-03-02,WN,N7883A,4828,14893,SMF,"Sacramento, CA",12954,LGB,"Long Beach, CA",-2.0,-5.0,0.0,64.0,387.0,0.49
2019-03-02,WN,N458WN,6526,14893,SMF,"Sacramento, CA",12954,LGB,"Long Beach, CA",86.0,74.0,0.0,61.0,387.0,0.69
2019-03-02,WN,N8673F,5537,14893,SMF,"Sacramento, CA",13232,MDW,"Chicago, IL",5.0,-21.0,0.0,191.0,1790.0,0.74
2019-03-02,WN,N925WN,3017,14893,SMF,"Sacramento, CA",13891,ONT,"Ontario, CA",-3.0,-5.0,0.0,59.0,390.0,0.33
2019-03-02,WN,N8552Z,3555,14893,SMF,"Sacramento, CA",13891,ONT,"Ontario, CA",80.0,72.0,0.0,58.0,390.0,0.3
2019-03-02,WN,N966WN,4517,14893,SMF,"Sacramento, CA",13891,ONT,"Ontario, CA",-6.0,-11.0,0.0,57.0,390.0,0.31
2019-03-02,WN,N234WN,3529,14893,SMF,"Sacramento, CA",14057,PDX,"Portland, OR",0.0,-6.0,0.0,72.0,479.0,0.74
2019-03-02,WN,N780SW,4881,14893,SMF,"Sacramento, CA",14057,PDX,"Portland, OR",-6.0,-13.0,0.0,71.0,479.0,0.5
2019-03-02,WN,N434WN,4319,14893,SMF,"Sacramento, CA",14107,PHX,"Phoenix, AZ",16.0,3.0,0.0,85.0,647.0,0.92
2019-03-02,WN,N8572X,4822,14893,SMF,"Sacramento, CA",14107,PHX,"Phoenix, AZ",4.0,-5.0,0.0,85.0,647.0,0.73
2019-03-02,WN,N765SW,4843,14893,SMF,"Sacramento, CA",14107,PHX,"Phoenix, AZ",74.0,56.0,0.0,85.0,647.0,0.61
2019-03-02,WN,N7745A,4942,14893,SMF,"Sacramento, CA",14107,PHX,"Phoenix, AZ",6.0,-11.0,0.0,80.0,647.0,0.31
2019-03-02,WN,N916WN,2751,14893,SMF,"Sacramento, CA",14679,SAN,"San Diego, CA",-3.0,-13.0,0.0,63.0,480.0,0.7
2019-03-02,WN,N8671D,2791,14893,SMF,"Sacramento, CA",14679,SAN,"San Diego, CA",18.0,8.0,0.0,66.0,480.0,0.57
2019-03-02,WN,N217JC,2827,14893,SMF,"Sacramento, CA",14679,SAN,"San Diego, CA",79.0,74.0,0.0,67.0,480.0,0.82
2019-03-02,WN,N754SW,3832,14893,SMF,"Sacramento, CA",14679,SAN,"San Diego, CA",-10.0,-24.0,0.0,65.0,480.0,0.38
2019-03-02,WN,N746SW,4484,14893,SMF,"Sacramento, CA",14679,SAN,"San Diego, CA",5.0,13.0,0.0,83.0,480.0,0.44
2019-03-02,WN,N909WN,4487,14893,SMF,"Sacramento, CA",14679,SAN,"San Diego, CA",28.0,16.0,0.0,64.0,480.0,0.58
2019-03-02,WN,N489WN,4528,14893,SMF,"Sacramento, CA",14679,SAN,"San Diego, CA",56.0,43.0,0.0,63.0,480.0,0.48
2019-03-02,WN,N906WN,4609,14893,SMF,"Sacramento, CA",14679,SAN,"San Diego, CA",-1.0,-5.0,0.0,72.0,480.0,0.8
2019-03-02,WN,N228WN,4724,14893,SMF,"Sacramento, CA",14679,SAN,"San Diego, CA",39.0,31.0,0.0,68.0,480.0,0.98
2019-03-02,WN,N8651A,4837,14893,SMF,"Sacramento, CA",14679,SAN,"San Diego, CA",10.0,3.0,0.0,72.0,480.0,0.81
2019-03-02,WN,N706SW,4841,14893,SMF,"Sacramento, CA",14679,SAN,"San Diego, CA",32.0,18.0,0.0,65.0,480.0,0.49
2019-03-02,WN,N204WN,4790,14893,SMF,"Sacramento, CA",14747,SEA,"Seattle, WA",5.0,-16.0,0.0,83.0,605.0,0.78
2019-03-02,WN,N7835A,2826,14893,SMF,"Sacramento, CA",14869,SLC,"Salt Lake City, UT",-4.0,-3.0,0.0,75.0,532.0,0.86
2019-03-02,WN,N429WN,2597,14893,SMF,"Sacramento, CA",14908,SNA,"Santa Ana, CA",-5.0,-11.0,0.0,67.0,404.0,0.58
2019-03-02,WN,N715SW,4693,14893,SMF,"Sacramento, CA",14908,SNA,"Santa Ana, CA",234.0,227.0,0.0,66.0,404.0,0.83
2019-03-02,WN,N7831B,4859,14893,SMF,"Sacramento, CA",14908,SNA,"Santa Ana, CA",32.0,27.0,0.0,64.0,404.0,0.41
2019-03-02,WN,N482WN,4960,14893,SMF,"Sacramento, CA",14908,SNA,"Santa Ana, CA",-5.0,-6.0,0.0,70.0,404.0,0.63
2019-03-02,WN,N7749B,4112,14893,SMF,"Sacramento, CA",15016,STL,"St. Louis, MO",16.0,2.0,0.0,180.0,1679.0,0.71
2019-03-02,WN,N484WN,2761,14908,SNA,"Santa Ana, CA",11292,DEN,"Denver, CO",-2.0,-8.0,0.0,107.0,846.0,0.86
2019-03-02,WN,N7869A,3065,14908,SNA,"Santa Ana, CA",11292,DEN,"Denver, CO",9.0,-12.0,0.0,98.0,846.0,0.69
2019-03-02,WN,N908WN,4900,14908,SNA,"Santa Ana, CA",11292,DEN,"Denver, CO",-1.0,-8.0,0.0,103.0,846.0,0.94
2019-03-02,WN,N774SW,5319,14908,SNA,"Santa Ana, CA",12191,HOU,"Houston, TX",19.0,-4.0,0.0,148.0,1357.0,0.7
2019-03-02,WN,N757LV,3218,14908,SNA,"Santa Ana, CA",12889,LAS,"Las Vegas, NV",1.0,-14.0,0.0,43.0,226.0,0.76
2019-03-02,WN,N7859B,4195,14908,SNA,"Santa Ana, CA",12889,LAS,"Las Vegas, NV",3.0,-9.0,0.0,45.0,226.0,0.56
2019-03-02,WN,N482WN,4849,14908,SNA,"Santa Ana, CA",12889,LAS,"Las Vegas, NV",-2.0,-4.0,0.0,45.0,226.0,0.45
2019-03-02,WN,N7868K,4894,14908,SNA,"Santa Ana, CA",12889,LAS,"Las Vegas, NV",-1.0,-12.0,0.0,43.0,226.0,0.65
2019-03-02,WN,N936WN,3470,14908,SNA,"Santa Ana, CA",13796,OAK,"Oakland, CA",0.0,-6.0,0.0,70.0,371.0,0.66
2019-03-02,WN,N482WN,4631,14908,SNA,"Santa Ana, CA",13796,OAK,"Oakland, CA",-5.0,-11.0,0.0,67.0,371.0,0.58
2019-03-02,WN,N205WN,4886,14908,SNA,"Santa Ana, CA",13796,OAK,"Oakland, CA",0.0,-4.0,0.0,67.0,371.0,0.38
2019-03-02,WN,N455WN,4910,14908,SNA,"Santa Ana, CA",13796,OAK,"Oakland, CA",-4.0,-15.0,0.0,62.0,371.0,0.79
2019-03-02,WN,N715SW,4693,14908,SNA,"Santa Ana, CA",14107,PHX,"Phoenix, AZ",221.0,205.0,0.0,50.0,338.0,0.39
2019-03-02,WN,N491WN,4868,14908,SNA,"Santa Ana, CA",14107,PHX,"Phoenix, AZ",3.0,-12.0,0.0,45.0,338.0,0.53
2019-03-02,WN,N461WN,4870,14908,SNA,"Santa Ana, CA",14107,PHX,"Phoenix, AZ",-3.0,-25.0,0.0,46.0,338.0,0.74
2019-03-02,WN,N969WN,2333,14908,SNA,"Santa Ana, CA",14831,SJC,"San Jose, CA",6.0,1.0,0.0,65.0,342.0,0.56
2019-03-02,WN,N248WN,3129,14908,SNA,"Santa Ana, CA",14831,SJC,"San Jose, CA",41.0,34.0,0.0,64.0,342.0,0.59
2019-03-02,WN,N941WN,4532,14908,SNA,"Santa Ana, CA",14831,SJC,"San Jose, CA",-5.0,-15.0,0.0,60.0,342.0,0.8
2019-03-02,WN,N930WN,4562,14908,SNA,"Santa Ana, CA",14831,SJC,"San Jose, CA",-2.0,-7.0,0.0,65.0,342.0,0.82
2019-03-02,WN,N484WN,4705,14908,SNA,"Santa Ana, CA",14831,SJC,"San Jose, CA",-6.0,-10.0,0.0,64.0,342.0,0.69
2019-03-02,WN,N237WN,4863,14908,SNA,"Santa Ana, CA",14831,SJC,"San Jose, CA",0.0,-9.0,0.0,61.0,342.0,0.54
2019-03-02,WN,N7824A,3332,14908,SNA,"Santa Ana, CA",14893,SMF,"Sacramento, CA",-3.0,-11.0,0.0,69.0,404.0,0.34
2019-03-02,WN,N434WN,4319,14908,SNA,"Santa Ana, CA",14893,SMF,"Sacramento, CA",19.0,6.0,0.0,66.0,404.0,0.73
2019-03-02,WN,N429WN,4466,14908,SNA,"Santa Ana, CA",14893,SMF,"Sacramento, CA",-3.0,-13.0,0.0,68.0,404.0,0.67
2019-03-02,WN,N780SW,4881,14908,SNA,"Santa Ana, CA",14893,SMF,"Sacramento, CA",-2.0,-14.0,0.0,66.0,404.0,0.66
2019-03-02,WN,N744SW,2869,15016,STL,"St. Louis, MO",10397,ATL,"Atlanta, GA",4.0,-14.0,0.0,64.0,484.0,0.76
2019-03-02,WN,N220WN,5402,15016,STL,"St. Louis, MO",10397,ATL,"Atlanta, GA",5.0,-4.0,0.0,66.0,484.0,0.9
2019-03-02,WN,N287WN,2100,15016,STL,"St. Louis, MO",10423,AUS,"Austin, TX",37.0,26.0,0.0,107.0,721.0,0.75
2019-03-02,WN,N779SW,2915,15016,STL,"St. Louis, MO",10529,BDL,"Hartford, CT",33.0,23.0,0.0,115.0,957.0,0.96
2019-03-02,WN,N206WN,4107,15016,STL,"St. Louis, MO",10693,BNA,"Nashville, TN",-1.0,-5.0,0.0,46.0,272.0,0.71
2019-03-02,WN,N8612K,2990,15016,STL,"St. Louis, MO",10721,BOS,"Boston, MA",3.0,-14.0,0.0,120.0,1047.0,0.88
2019-03-02,WN,N8675A,3012,15016,STL,"St. Louis, MO",10721,BOS,"Boston, MA",1.0,7.0,0.0,130.0,1047.0,0.6
2019-03-02,WN,N417WN,4664,15016,STL,"St. Louis, MO",10821,BWI,"Baltimore, MD",17.0,8.0,0.0,90.0,738.0,0.89
2019-03-02,WN,N270WN,5443,15016,STL,"St. Louis, MO",10821,BWI,"Baltimore, MD",-1.0,-12.0,0.0,93.0,738.0,0.44
2019-03-02,WN,N7834A,2594,15016,STL,"St. Louis, MO",11042,CLE,"Cleveland, OH",-4.0,-10.0,0.0,72.0,487.0,0.61
2019-03-02,WN,N419WN,4257,15016,STL,"St. Louis, MO",11066,CMH,"Columbus, OH",16.0,4.0,0.0,55.0,409.0,0.79
2019-03-02,WN,N8645A,2884,15016,STL,"St. Louis, MO",11259,DAL,"Dallas, TX",7.0,-3.0,0.0,87.0,546.0,0.54
2019-03-02,WN,N270WN,4922,15016,STL,"St. Louis, MO",11259,DAL,"Dallas, TX",,,1.0,,546.0,0.7
2019-03-02,WN,N8532S,5169,15016,STL,"St. Louis, MO",11259,DAL,"Dallas, TX",-2.0,-13.0,0.0,86.0,546.0,0.85
2019-03-02,WN,N260WN,3076,15016,STL,"St. Louis, MO",11278,DCA,"Washington, DC",3.0,-11.0,0.0,85.0,719.0,0.65
2019-03-02,WN,N736SA,3137,15016,STL,"St. Louis, MO",11278,DCA,"Washington, DC",1.0,-7.0,0.0,91.0,719.0,0.89
2019-03-02,WN,N726SW,3961,15016,STL,"St. Louis, MO",11278,DCA,"Washington, DC",-7.0,-15.0,0.0,90.0,719.0,0.55
2019-03-02,WN,N8313F,2859,15016,STL,"St. Louis, MO",11292,DEN,"Denver, CO",4.0,-3.0,0.0,127.0,770.0,0.85
2019-03-02,WN,N7725A,3838,15016,STL,"St. Louis, MO",11292,DEN,"Denver, CO",11.0,16.0,0.0,127.0,770.0,0.97
2019-03-02,WN,N7828A,4701,15016,STL,"St. Louis, MO",11292,DEN,"Denver, CO",0.0,-2.0,0.0,129.0,770.0,0.62
2019-03-02,WN,N8508W,4979,15016,STL,"St. Louis, MO",11423,DSM,"Des Moines, IA",19.0,9.0,0.0,44.0,259.0,0.79
2019-03-02,WN,N438WN,4085,15016,STL,"St. Louis, MO",11433,DTW,"Detroit, MI",-1.0,-11.0,0.0,66.0,440.0,0.55
2019-03-02,WN,N935WN,2477,15016,STL,"St. Louis, MO",11618,EWR,"Newark, NJ",-6.0,-14.0,0.0,105.0,872.0,0.5
2019-03-02,WN,N260WN,3071,15016,STL,"St. Louis, MO",11618,EWR,"Newark, NJ",18.0,8.0,0.0,106.0,872.0,0.9
2019-03-02,WN,N283WN,1382,15016,STL,"St. Louis, MO",11697,FLL,"Fort Lauderdale, FL",102.0,82.0,0.0,126.0,1057.0,0.71
2019-03-02,WN,N8639B,4984,15016,STL,"St. Louis, MO",11697,FLL,"Fort Lauderdale, FL",0.0,-17.0,0.0,121.0,1057.0,0.7
2019-03-02,WN,N792SW,2799,15016,STL,"St. Louis, MO",12191,HOU,"Houston, TX",2.0,-21.0,0.0,100.0,687.0,0.93
2019-03-02,WN,N7745A,4940,15016,STL,"St. Louis, MO",12191,HOU,"Houston, TX",-2.0,-29.0,0.0,97.0,687.0,0.39
2019-03-02,WN,N413WN,5213,15016,STL,"St. Louis, MO",12191,HOU,"Houston, TX",4.0,-7.0,0.0,103.0,687.0,0.47
2019-03-02,WN,N712SW,2365,15016,STL,"St. Louis, MO",12278,ICT,"Wichita, KS",8.0,-1.0,0.0,69.0,392.0,0.89
2019-03-02,WN,N735SA,540,15016,STL,"St. Louis, MO",12889,LAS,"Las Vegas, NV",8.0,8.0,0.0,212.0,1371.0,0.93
2019-03-02,WN,N8520Q,4941,15016,STL,"St. Louis, MO",12889,LAS,"Las Vegas, NV",0.0,2.0,0.0,223.0,1371.0,0.41
2019-03-02,WN,N235WN,564,15016,STL,"St. Louis, MO",12892,LAX,"Los Angeles, CA",6.0,15.0,0.0,252.0,1592.0,0.94
2019-03-02,WN,N415WN,2829,15016,STL,"St. Louis, MO",12892,LAX,"Los Angeles, CA",12.0,33.0,0.0,273.0,1592.0,0.56
2019-03-02,WN,N7749B,4112,15016,STL,"St. Louis, MO",12953,LGA,"New York, NY",9.0,7.0,0.0,108.0,888.0,0.86
2019-03-02,WN,N931WN,5440,15016,STL,"St. Louis, MO",12953,LGA,"New York, NY",8.0,8.0,0.0,113.0,888.0,0.38
2019-03-02,WN,N261WN,2470,15016,STL,"St. Louis, MO",12992,LIT,"Little Rock, AR",8.0,-2.0,0.0,52.0,296.0,0.76
2019-03-02,WN,N769SW,2770,15016,STL,"St. Louis, MO",13198,MCI,"Kansas City, MO",-3.0,-8.0,0.0,47.0,237.0,0.44
2019-03-02,WN,N944WN,3634,15016,STL,"St. Louis, MO",13198,MCI,"Kansas City, MO",23.0,14.0,0.0,47.0,237.0,0.78
2019-03-02,WN,N8668A,2562,15016,STL,"St. Louis, MO",13204,MCO,"Orlando, FL",0.0,-12.0,0.0,108.0,882.0,0.54
2019-03-02,WN,N782SA,2808,15016,STL,"St. Louis, MO",13204,MCO,"Orlando, FL",5.0,-13.0,0.0,104.0,882.0,0.6
2019-03-02,WN,N8731J,2909,15016,STL,"St. Louis, MO",13204,MCO,"Orlando, FL",20.0,4.0,0.0,105.0,882.0,0.73
2019-03-02,WN,N8647A,5179,15016,STL,"St. Louis, MO",13204,MCO,"Orlando, FL",4.0,-11.0,0.0,108.0,882.0,0.81
2019-03-02,WN,N7710A,3336,15016,STL,"St. Louis, MO",13232,MDW,"Chicago, IL",-6.0,-18.0,0.0,43.0,251.0,0.92
2019-03-02,WN,N8679A,4100,15016,STL,"St. Louis, MO",13232,MDW,"Chicago, IL",-3.0,-17.0,0.0,40.0,251.0,0.84
2019-03-02,WN,N957WN,5317,15016,STL,"St. Louis, MO",13232,MDW,"Chicago, IL",-4.0,-13.0,0.0,44.0,251.0,0.33
2019-03-02,WN,N719SW,3289,15016,STL,"St. Louis, MO",13342,MKE,"Milwaukee, WI",9.0,2.0,0.0,51.0,317.0,0.35
2019-03-02,WN,N410WN,5254,15016,STL,"St. Louis, MO",13487,MSP,"Minneapolis, MN",38.0,29.0,0.0,71.0,448.0,0.76
2019-03-02,WN,N7701B,2529,15016,STL,"St. Louis, MO",13495,MSY,"New Orleans, LA",3.0,-7.0,0.0,84.0,604.0,0.35
2019-03-02,WN,N285WN,2974,15016,STL,"St. Louis, MO",13495,MSY,"New Orleans, LA",5.0,-6.0,0.0,83.0,604.0,0.35
2019-03-02,WN,N419WN,5367,15016,STL,"St. Louis, MO",13851,OKC,"Oklahoma City, OK",,,1.0,,462.0,0.86
2019-03-02,WN,N8605E,3768,15016,STL,"St. Louis, MO",13871,OMA,"Omaha, NE",46.0,39.0,0.0,58.0,342.0,0.31
2019-03-02,WN,N766SW,5172,15016,STL,"St. Louis, MO",13871,OMA,"Omaha, NE",10.0,5.0,0.0,58.0,342.0,0.35
2019-03-02,WN,N799SW,3615,15016,STL,"St. Louis, MO",14057,PDX,"Portland, OR",0.0,-4.0,0.0,257.0,1708.0,0.36
2019-03-02,WN,N8685B,2419,15016,STL,"St. Louis, MO",14100,PHL,"Philadelphia, PA",3.0,-3.0,0.0,106.0,814.0,0.56
2019-03-02,WN,N8574Z,2604,15016,STL,"St. Louis, MO",14107,PHX,"Phoenix, AZ",17.0,26.0,0.0,211.0,1262.0,0.75
2019-03-02,WN,N8552Z,4902,15016,STL,"St. Louis, MO",14107,PHX,"Phoenix, AZ",,,1.0,,1262.0,0.68
2019-03-02,WN,N441WN,5328,15016,STL,"St. Louis, MO",14107,PHX,"Phoenix, AZ",37.0,38.0,0.0,205.0,1262.0,0.94
2019-03-02,WN,N8552Z,5086,15016,STL,"St. Louis, MO",14122,PIT,"Pittsburgh, PA",101.0,96.0,0.0,73.0,554.0,0.77
2019-03-02,WN,N488WN,3358,15016,STL,"St. Louis, MO",14492,RDU,"Raleigh/Durham, NC",0.0,-7.0,0.0,88.0,667.0,0.41
2019-03-02,WN,N401WN,1718,15016,STL,"St. Louis, MO",14635,RSW,"Fort Myers, FL",38.0,18.0,0.0,119.0,979.0,0.37
2019-03-02,WN,N7889A,4897,15016,STL,"St. Louis, MO",14635,RSW,"Fort Myers, FL",-7.0,-15.0,0.0,118.0,979.0,0.54
2019-03-02,WN,N7845A,4912,15016,STL,"St. Louis, MO",14635,RSW,"Fort Myers, FL",-4.0,-23.0,0.0,113.0,979.0,0.88
2019-03-02,WN,N8671D,3943,15016,STL,"St. Louis, MO",14679,SAN,"San Diego, CA",3.0,25.0,0.0,259.0,1557.0,0.96
2019-03-02,WN,N438WN,4089,15016,STL,"St. Louis, MO",14683,SAT,"San Antonio, TX",2.0,-5.0,0.0,122.0,786.0,0.56
2019-03-02,WN,N8653A,4907,15016,STL,"St. Louis, MO",14747,SEA,"Seattle, WA",6.0,15.0,0.0,264.0,1709.0,0.56
2019-03-02,WN,N8600F,2706,15016,STL,"St. Louis, MO",14771,SFO,"San Francisco, CA",35.0,36.0,0.0,259.0,1735.0,0.55
2019-03-02,WN,N8539V,4405,15016,STL,"St. Louis, MO",14831,SJC,"San Jose, CA",28.0,27.0,0.0,260.0,1715.0,0.31
2019-03-02,WN,N8552Z,3555,15016,STL,"St. Louis, MO",14893,SMF,"Sacramento, CA",90.0,86.0,0.0,249.0,1679.0,0.44
2019-03-02,WN,N8557Q,2976,15016,STL,"St. Louis, MO",15304,TPA,"Tampa, FL",-1.0,-16.0,0.0,104.0,869.0,0.51
2019-03-02,WN,N8670A,5133,15016,STL,"St. Louis, MO",15304,TPA,"Tampa, FL",12.0,-6.0,0.0,102.0,869.0,0.95
2019-03-02,WN,N8322X,2538,15016,STL,"St. Louis, MO",15370,TUL,"Tulsa, OK",11.0,5.0,0.0,61.0,351.0,0.58
2019-03-02,WN,N289CT,2872,15304,TPA,"Tampa, FL",10257,ALB,"Albany, NY",-7.0,-19.0,0.0,147.0,1130.0,0.92
2019-03-02,WN,N409WN,3260,15304,TPA,"Tampa, FL",10257,ALB,"Albany, NY",68.0,61.0,0.0,150.0,1130.0,0.98
2019-03-02,WN,N904WN,1818,15304,TPA,"Tampa, FL",10397,ATL,"Atlanta, GA",-5.0,-12.0,0.0,70.0,406.0,0.44
2019-03-02,WN,N465WN,2932,15304,TPA,"Tampa, FL",10397,ATL,"Atlanta, GA",,,1.0,,406.0,0.45
2019-03-02,WN,N7734H,2962,15304,TPA,"Tampa, FL",10397,ATL,"Atlanta, GA",-4.0,-3.0,0.0,75.0,406.0,0.78
2019-03-02,WN,N284WN,3039,15304,TPA,"Tampa, FL",10397,ATL,"Atlanta, GA",-4.0,-3.0,0.0,78.0,406.0,0.34
2019-03-02,WN,N263WN,2520,15304,TPA,"Tampa, FL",10423,AUS,"Austin, TX",-2.0,-17.0,0.0,137.0,928.0,0.54
2019-03-02,WN,N7865A,2595,15304,TPA,"Tampa, FL",10529,BDL,"Hartford, CT",-8.0,-18.0,0.0,143.0,1111.0,0.45
2019-03-02,WN,N7880D,4622,15304,TPA,"Tampa, FL",10529,BDL,"Hartford, CT",-2.0,-7.0,0.0,146.0,1111.0,0.32
2019-03-02,WN,N428WN,4987,15304,TPA,"Tampa, FL",10529,BDL,"Hartford, CT",-6.0,-21.0,0.0,143.0,1111.0,0.65
2019-03-02,WN,N293WN,3656,15304,TPA,"Tampa, FL",10599,BHM,"Birmingham, AL",2.0,0.0,0.0,76.0,459.0,0.86
2019-03-02,WN,N247WN,1751,15304,TPA,"Tampa, FL",10693,BNA,"Nashville, TN",0.0,2.0,0.0,100.0,612.0,0.68
2019-03-02,WN,N961WN,2429,15304,TPA,"Tampa, FL",10693,BNA,"Nashville, TN",-5.0,-6.0,0.0,97.0,612.0,0.49
2019-03-02,WN,N7865A,2596,15304,TPA,"Tampa, FL",10693,BNA,"Nashville, TN",-4.0,0.0,0.0,97.0,612.0,0.66
2019-03-02,WN,N7844A,4692,15304,TPA,"Tampa, FL",10693,BNA,"Nashville, TN",6.0,10.0,0.0,100.0,612.0,0.54
2019-03-02,WN,N908WN,2259,15304,TPA,"Tampa, FL",10792,BUF,"Buffalo, NY",-10.0,-11.0,0.0,146.0,1053.0,0.42
2019-03-02,WN,N7857B,2766,15304,TPA,"Tampa, FL",10792,BUF,"Buffalo, NY",-1.0,8.0,0.0,150.0,1053.0,0.89
2019-03-02,WN,N223WN,4995,15304,TPA,"Tampa, FL",10792,BUF,"Buffalo, NY",-7.0,-18.0,0.0,142.0,1053.0,0.34
2019-03-02,WN,N8621A,1624,15304,TPA,"Tampa, FL",10821,BWI,"Baltimore, MD",-3.0,-11.0,0.0,117.0,842.0,0.79
2019-03-02,WN,N945WN,2257,15304,TPA,"Tampa, FL",10821,BWI,"Baltimore, MD",-5.0,5.0,0.0,119.0,842.0,0.35
2019-03-02,WN,N8688J,3029,15304,TPA,"Tampa, FL",10821,BWI,"Baltimore, MD",6.0,6.0,0.0,126.0,842.0,0.47
2019-03-02,WN,N8312C,4633,15304,TPA,"Tampa, FL",10821,BWI,"Baltimore, MD",2.0,2.0,0.0,127.0,842.0,0.44
2019-03-02,WN,N8536Z,5178,15304,TPA,"Tampa, FL",10821,BWI,"Baltimore, MD",-2.0,-12.0,0.0,114.0,842.0,0.47
2019-03-02,WN,N8542Z,5298,15304,TPA,"Tampa, FL",10821,BWI,"Baltimore, MD",-4.0,-15.0,0.0,112.0,842.0,0.59
2019-03-02,WN,N7864B,3909,15304,TPA,"Tampa, FL",11066,CMH,"Columbus, OH",13.0,9.0,0.0,118.0,829.0,0.9
2019-03-02,WN,N8576Z,4962,15304,TPA,"Tampa, FL",11066,CMH,"Columbus, OH",-4.0,-9.0,0.0,122.0,829.0,0.4
2019-03-02,WN,N7876A,2467,15304,TPA,"Tampa, FL",11259,DAL,"Dallas, TX",19.0,14.0,0.0,143.0,917.0,0.34
2019-03-02,WN,N8689C,3874,15304,TPA,"Tampa, FL",11259,DAL,"Dallas, TX",-1.0,5.0,0.0,145.0,917.0,0.55
2019-03-02,WN,N8532S,2878,15304,TPA,"Tampa, FL",11278,DCA,"Washington, DC",-4.0,-12.0,0.0,114.0,814.0,0.81
2019-03-02,WN,N7718B,3237,15304,TPA,"Tampa, FL",11278,DCA,"Washington, DC",0.0,-2.0,0.0,113.0,814.0,0.86
2019-03-02,WN,N701GS,4447,15304,TPA,"Tampa, FL",11278,DCA,"Washington, DC",-5.0,-21.0,0.0,106.0,814.0,0.66
2019-03-02,WN,N201LV,1777,15304,TPA,"Tampa, FL",11292,DEN,"Denver, CO",3.0,18.0,0.0,235.0,1506.0,0.73
2019-03-02,WN,N949WN,2415,15304,TPA,"Tampa, FL",11292,DEN,"Denver, CO",-4.0,9.0,0.0,241.0,1506.0,0.76
2019-03-02,WN,N7811F,2617,15304,TPA,"Tampa, FL",11292,DEN,"Denver, CO",33.0,30.0,0.0,223.0,1506.0,0.33
2019-03-02,WN,N961WN,2426,15304,TPA,"Tampa, FL",11697,FLL,"Fort Lauderdale, FL",0.0,-17.0,0.0,35.0,197.0,0.6
2019-03-02,WN,N927WN,3219,15304,TPA,"Tampa, FL",11697,FLL,"Fort Lauderdale, FL",0.0,-19.0,0.0,36.0,197.0,0.49
2019-03-02,WN,N436WN,4683,15304,TPA,"Tampa, FL",11697,FLL,"Fort Lauderdale, FL",-4.0,-13.0,0.0,40.0,197.0,0.84
2019-03-02,WN,N289CT,5271,15304,TPA,"Tampa, FL",11697,FLL,"Fort Lauderdale, FL",-5.0,-22.0,0.0,37.0,197.0,0.55
2019-03-02,WN,N8684F,4959,15304,TPA,"Tampa, FL",11986,GRR,"Grand Rapids, MI",-3.0,0.0,0.0,158.0,1041.0,0.87
2019-03-02,WN,N7850B,3141,15304,TPA,"Tampa, FL",12191,HOU,"Houston, TX",-1.0,-15.0,0.0,118.0,781.0,0.51
2019-03-02,WN,N8718Q,4973,15304,TPA,"Tampa, FL",12191,HOU,"Houston, TX",-2.0,-8.0,0.0,118.0,781.0,0.81
2019-03-02,WN,N277WN,2849,15304,TPA,"Tampa, FL",12339,IND,"Indianapolis, IN",5.0,14.0,0.0,126.0,837.0,0.38
2019-03-02,WN,N7821L,3914,15304,TPA,"Tampa, FL",12339,IND,"Indianapolis, IN",-2.0,3.0,0.0,130.0,837.0,0.76
2019-03-02,WN,N730SW,3977,15304,TPA,"Tampa, FL",12339,IND,"Indianapolis, IN",-5.0,5.0,0.0,135.0,837.0,0.57
2019-03-02,WN,N460WN,4570,15304,TPA,"Tampa, FL",12391,ISP,"Islip, NY",14.0,9.0,0.0,138.0,1034.0,0.39
2019-03-02,WN,N916WN,2751,15304,TPA,"Tampa, FL",12889,LAS,"Las Vegas, NV",-1.0,-8.0,0.0,286.0,1984.0,0.44
2019-03-02,WN,N8557Q,2976,15304,TPA,"Tampa, FL",12889,LAS,"Las Vegas, NV",1.0,9.0,0.0,284.0,1984.0,0.43
2019-03-02,WN,N7726A,3738,15304,TPA,"Tampa, FL",12953,LGA,"New York, NY",-1.0,-11.0,0.0,139.0,1010.0,0.58
2019-03-02,WN,N8507C,4990,15304,TPA,"Tampa, FL",12953,LGA,"New York, NY",-1.0,-1.0,0.0,129.0,1010.0,0.54
2019-03-02,WN,N742SW,3680,15304,TPA,"Tampa, FL",13198,MCI,"Kansas City, MO",,,1.0,,1048.0,0.86
2019-03-02,WN,N710SW,3242,15304,TPA,"Tampa, FL",13232,MDW,"Chicago, IL",-3.0,-4.0,0.0,150.0,997.0,0.85
2019-03-02,WN,N8566Z,3302,15304,TPA,"Tampa, FL",13232,MDW,"Chicago, IL",-5.0,-7.0,0.0,143.0,997.0,0.71
2019-03-02,WN,N8608N,3406,15304,TPA,"Tampa, FL",13232,MDW,"Chicago, IL",-1.0,-4.0,0.0,149.0,997.0,0.37
2019-03-02,WN,N8528Q,5433,15304,TPA,"Tampa, FL",13232,MDW,"Chicago, IL",0.0,5.0,0.0,154.0,997.0,0.4
2019-03-02,WN,N400WN,5506,15304,TPA,"Tampa, FL",13244,MEM,"Memphis, TN",-3.0,-7.0,0.0,107.0,655.0,0.48
2019-03-02,WN,N7836A,3203,15304,TPA,"Tampa, FL",13296,MHT,"Manchester, NH",-9.0,-16.0,0.0,155.0,1204.0,0.71
2019-03-02,WN,N905WN,4232,15304,TPA,"Tampa, FL",13296,MHT,"Manchester, NH",-3.0,-5.0,0.0,158.0,1204.0,0.74
2019-03-02,WN,N226WN,1928,15304,TPA,"Tampa, FL",13342,MKE,"Milwaukee, WI",-3.0,-4.0,0.0,163.0,1075.0,0.92
2019-03-02,WN,N7709A,3309,15304,TPA,"Tampa, FL",13342,MKE,"Milwaukee, WI",-6.0,-8.0,0.0,160.0,1075.0,0.97
2019-03-02,WN,N289CT,1681,15304,TPA,"Tampa, FL",13495,MSY,"New Orleans, LA",0.0,-8.0,0.0,86.0,488.0,0.32
2019-03-02,WN,N202WN,2515,15304,TPA,"Tampa, FL",13495,MSY,"New Orleans, LA",-1.0,-4.0,0.0,83.0,488.0,0.86
2019-03-02,WN,N779SW,2915,15304,TPA,"Tampa, FL",13495,MSY,"New Orleans, LA",44.0,39.0,0.0,86.0,488.0,0.77
2019-03-02,WN,N8302F,4650,15304,TPA,"Tampa, FL",13495,MSY,"New Orleans, LA",0.0,0.0,0.0,83.0,488.0,0.94
2019-03-02,WN,N8534Z,5337,15304,TPA,"Tampa, FL",14100,PHL,"Philadelphia, PA",41.0,30.0,0.0,126.0,920.0,0.67
2019-03-02,WN,N255WN,4352,15304,TPA,"Tampa, FL",14107,PHX,"Phoenix, AZ",-4.0,14.0,0.0,271.0,1788.0,0.45
2019-03-02,WN,N7846A,2582,15304,TPA,"Tampa, FL",14122,PIT,"Pittsburgh, PA",0.0,3.0,0.0,123.0,873.0,0.82
2019-03-02,WN,N7877H,5267,15304,TPA,"Tampa, FL",14122,PIT,"Pittsburgh, PA",3.0,3.0,0.0,120.0,873.0,0.65
2019-03-02,WN,N8554X,2457,15304,TPA,"Tampa, FL",14307,PVD,"Providence, RI",-5.0,-12.0,0.0,142.0,1136.0,0.32
2019-03-02,WN,N224WN,2892,15304,TPA,"Tampa, FL",14307,PVD,"Providence, RI",1.0,-5.0,0.0,146.0,1136.0,0.83
2019-03-02,WN,N570WN,3210,15304,TPA,"Tampa, FL",14492,RDU,"Raleigh/Durham, NC",-4.0,-3.0,0.0,89.0,587.0,0.49
2019-03-02,WN,N450WN,2825,15304,TPA,"Tampa, FL",14576,ROC,"Rochester, NY",9.0,11.0,0.0,150.0,1079.0,0.59
2019-03-02,WN,N245WN,2320,15304,TPA,"Tampa, FL",14683,SAT,"San Antonio, TX",127.0,113.0,0.0,147.0,972.0,0.54
2019-03-02,WN,N919WN,4419,15304,TPA,"Tampa, FL",14730,SDF,"Louisville, KY",-5.0,-15.0,0.0,109.0,727.0,0.66
2019-03-02,WN,N8314L,5363,15304,TPA,"Tampa, FL",14843,SJU,"San Juan, PR",-2.0,-6.0,0.0,147.0,1237.0,0.72
2019-03-02,WN,N479WN,5397,15304,TPA,"Tampa, FL",14843,SJU,"San Juan, PR",4.0,-8.0,0.0,148.0,1237.0,0.71
2019-03-02,WN,N769SW,2770,15304,TPA,"Tampa, FL",15016,STL,"St. Louis, MO",-1.0,5.0,0.0,138.0,869.0,0.69
2019-03-02,WN,N8508W,5083,15304,TPA,"Tampa, FL",15016,STL,"St. Louis, MO",0.0,6.0,0.0,136.0,869.0,0.35
2019-03-02,WN,N497WN,2876,15370,TUL,"Tulsa, OK",11259,DAL,"Dallas, TX",7.0,9.0,0.0,45.0,237.0,0.3
2019-03-02,WN,N280WN,3275,15370,TUL,"Tulsa, OK",11259,DAL,"Dallas, TX",7.0,4.0,0.0,49.0,237.0,0.87
2019-03-02,WN,N7822A,5021,15370,TUL,"Tulsa, OK",11292,DEN,"Denver, CO",1.0,7.0,0.0,91.0,541.0,0.55
2019-03-02,WN,N240WN,5019,15370,TUL,"Tulsa, OK",12191,HOU,"Houston, TX",-4.0,-6.0,0.0,71.0,453.0,0.78
2019-03-02,WN,N7856A,4812,15370,TUL,"Tulsa, OK",12889,LAS,"Las Vegas, NV",0.0,13.0,0.0,185.0,1076.0,0.72
2019-03-02,WN,N8322X,2538,15370,TUL,"Tulsa, OK",14107,PHX,"Phoenix, AZ",-4.0,-10.0,0.0,135.0,935.0,0.87
2019-03-02,WN,N8557Q,2976,15370,TUL,"Tulsa, OK",15016,STL,"St. Louis, MO",-2.0,-8.0,0.0,51.0,351.0,0.33
2019-03-02,WN,N227WN,2673,15376,TUS,"Tucson, AZ",11292,DEN,"Denver, CO",0.0,-8.0,0.0,84.0,639.0,0.37
2019-03-02,WN,N928WN,4167,15376,TUS,"Tucson, AZ",11292,DEN,"Denver, CO",8.0,-15.0,0.0,79.0,639.0,0.6
2019-03-02,WN,N901WN,5027,15376,TUS,"Tucson, AZ",11292,DEN,"Denver, CO",5.0,-8.0,0.0,83.0,639.0,0.87
2019-03-02,WN,N7835A,2826,15376,TUS,"Tucson, AZ",12889,LAS,"Las Vegas, NV",29.0,26.0,0.0,64.0,364.0,0.69
2019-03-02,WN,N444WN,3074,15376,TUS,"Tucson, AZ",12889,LAS,"Las Vegas, NV",17.0,10.0,0.0,65.0,364.0,0.95
2019-03-02,WN,N7838A,4792,15376,TUS,"Tucson, AZ",12889,LAS,"Las Vegas, NV",11.0,6.0,0.0,61.0,364.0,0.37
2019-03-02,WN,N7813P,5043,15376,TUS,"Tucson, AZ",12889,LAS,"Las Vegas, NV",0.0,-4.0,0.0,60.0,364.0,0.9
2019-03-02,WN,N455WN,4889,15376,TUS,"Tucson, AZ",12892,LAX,"Los Angeles, CA",4.0,4.0,0.0,84.0,451.0,0.6
2019-03-02,WN,N251WN,5031,15376,TUS,"Tucson, AZ",12892,LAX,"Los Angeles, CA",1.0,0.0,0.0,86.0,451.0,0.63
2019-03-02,WN,N8630B,5036,15376,TUS,"Tucson, AZ",13232,MDW,"Chicago, IL",-1.0,-28.0,0.0,155.0,1440.0,0.51
2019-03-02,WN,N430WN,4043,15376,TUS,"Tucson, AZ",14679,SAN,"San Diego, CA",50.0,62.0,0.0,73.0,367.0,0.93
2019-03-03,WN,N212WN,1910,10140,ABQ,"Albuquerque, NM",10423,AUS,"Austin, TX",71.0,52.0,0.0,75.0,619.0,0.43
2019-03-03,WN,N8579Z,3064,10140,ABQ,"Albuquerque, NM",10423,AUS,"Austin, TX",0.0,-23.0,0.0,71.0,619.0,0.86
2019-03-03,WN,N7703A,5186,10140,ABQ,"Albuquerque, NM",10423,AUS,"Austin, TX",23.0,0.0,0.0,74.0,619.0,0.31
2019-03-03,WN,N793SA,522,10140,ABQ,"Albuquerque, NM",11259,DAL,"Dallas, TX",9.0,-2.0,0.0,75.0,580.0,0.6
2019-03-03,WN,N237WN,2021,10140,ABQ,"Albuquerque, NM",11259,DAL,"Dallas, TX",0.0,-1.0,0.0,75.0,580.0,0.49
2019-03-03,WN,N7736A,4299,10140,ABQ,"Albuquerque, NM",11259,DAL,"Dallas, TX",-4.0,-17.0,0.0,76.0,580.0,0.59
2019-03-03,WN,N963WN,5114,10140,ABQ,"Albuquerque, NM",11259,DAL,"Dallas, TX",45.0,33.0,0.0,72.0,580.0,0.71
2019-03-03,WN,N736SA,1903,10140,ABQ,"Albuquerque, NM",11292,DEN,"Denver, CO",-1.0,-9.0,0.0,56.0,349.0,0.48
2019-03-03,WN,N7878A,3557,10140,ABQ,"Albuquerque, NM",11292,DEN,"Denver, CO",17.0,5.0,0.0,57.0,349.0,0.54
2019-03-03,WN,N940WN,2342,10140,ABQ,"Albuquerque, NM",12191,HOU,"Houston, TX",-1.0,-13.0,0.0,92.0,759.0,0.84
2019-03-03,WN,N8645A,3589,10140,ABQ,"Albuquerque, NM",12191,HOU,"Houston, TX",-6.0,-34.0,0.0,86.0,759.0,0.86
2019-03-03,WN,N924WN,1629,10140,ABQ,"Albuquerque, NM",12889,LAS,"Las Vegas, NV",51.0,54.0,0.0,85.0,486.0,0.64
2019-03-03,WN,N557WN,1909,10140,ABQ,"Albuquerque, NM",12889,LAS,"Las Vegas, NV",26.0,36.0,0.0,83.0,486.0,0.91
2019-03-03,WN,N925WN,3517,10140,ABQ,"Albuquerque, NM",12889,LAS,"Las Vegas, NV",-3.0,-4.0,0.0,83.0,486.0,0.81
2019-03-03,WN,N427WN,1187,10140,ABQ,"Albuquerque, NM",12892,LAX,"Los Angeles, CA",24.0,20.0,0.0,114.0,677.0,0.8
2019-03-03,WN,N792SW,5434,10140,ABQ,"Albuquerque, NM",12892,LAX,"Los Angeles, CA",4.0,17.0,0.0,115.0,677.0,0.44
2019-03-03,WN,N8671D,5419,10140,ABQ,"Albuquerque, NM",13198,MCI,"Kansas City, MO",0.0,-3.0,0.0,87.0,718.0,0.72
2019-03-03,WN,N497WN,5045,10140,ABQ,"Albuquerque, NM",13796,OAK,"Oakland, CA",1.0,6.0,0.0,145.0,889.0,0.92
2019-03-03,WN,N7878A,1885,10140,ABQ,"Albuquerque, NM",14107,PHX,"Phoenix, AZ",-3.0,-13.0,0.0,61.0,328.0,0.43
2019-03-03,WN,N466WN,2747,10140,ABQ,"Albuquerque, NM",14107,PHX,"Phoenix, AZ",31.0,28.0,0.0,55.0,328.0,0.92
2019-03-03,WN,N7883A,4023,10140,ABQ,"Albuquerque, NM",14107,PHX,"Phoenix, AZ",18.0,12.0,0.0,60.0,328.0,0.75
2019-03-03,WN,N452WN,4049,10140,ABQ,"Albuquerque, NM",14107,PHX,"Phoenix, AZ",-5.0,-6.0,0.0,60.0,328.0,0.95
2019-03-03,WN,N552WN,1964,10140,ABQ,"Albuquerque, NM",14679,SAN,"San Diego, CA",-4.0,-7.0,0.0,106.0,628.0,0.82
2019-03-03,WN,N7852A,2569,10140,ABQ,"Albuquerque, NM",14679,SAN,"San Diego, CA",6.0,6.0,0.0,105.0,628.0,0.6
2019-03-03,WN,N7825A,4406,10140,ABQ,"Albuquerque, NM",14831,SJC,"San Jose, CA",-2.0,1.0,0.0,146.0,870.0,0.67
2019-03-03,WN,N777QC,1063,10257,ALB,"Albany, NY",10821,BWI,"Baltimore, MD",-9.0,-24.0,0.0,57.0,289.0,0.92
2019-03-03,WN,N734SA,2246,10257,ALB,"Albany, NY",10821,BWI,"Baltimore, MD",-3.0,-19.0,0.0,53.0,289.0,0.8
2019-03-03,WN,N8510E,2659,10257,ALB,"Albany, NY",10821,BWI,"Baltimore, MD",-3.0,-15.0,0.0,58.0,289.0,0.97
2019-03-03,WN,N485WN,5396,10257,ALB,"Albany, NY",10821,BWI,"Baltimore, MD",-2.0,-9.0,0.0,62.0,289.0,0.84
2019-03-03,WN,N8720L,933,10257,ALB,"Albany, NY",11697,FLL,"Fort Lauderdale, FL",-1.0,-8.0,0.0,171.0,1204.0,0.99
2019-03-03,WN,N409WN,2057,10257,ALB,"Albany, NY",13204,MCO,"Orlando, FL",-4.0,-16.0,0.0,155.0,1073.0,0.83
2019-03-03,WN,N777QC,2687,10257,ALB,"Albany, NY",13204,MCO,"Orlando, FL",-6.0,-9.0,0.0,156.0,1073.0,0.93
2019-03-03,WN,N8712L,2881,10257,ALB,"Albany, NY",13232,MDW,"Chicago, IL",-1.0,-11.0,0.0,122.0,717.0,0.54
2019-03-03,WN,N8672F,2331,10257,ALB,"Albany, NY",15304,TPA,"Tampa, FL",-1.0,-16.0,0.0,160.0,1130.0,0.49
2019-03-03,WN,N953WN,1730,10279,AMA,"Amarillo, TX",11259,DAL,"Dallas, TX",9.0,12.0,0.0,47.0,323.0,0.52
2019-03-03,WN,N263WN,2338,10279,AMA,"Amarillo, TX",11259,DAL,"Dallas, TX",,,1.0,,323.0,0.46
2019-03-03,WN,N563WN,2368,10279,AMA,"Amarillo, TX",11259,DAL,"Dallas, TX",26.0,22.0,0.0,46.0,323.0,0.74
2019-03-03,WN,N796SW,5159,10279,AMA,"Amarillo, TX",11259,DAL,"Dallas, TX",49.0,54.0,0.0,50.0,323.0,0.67
2019-03-03,WN,N936WN,5424,10279,AMA,"Amarillo, TX",12889,LAS,"Las Vegas, NV",-3.0,15.0,0.0,118.0,758.0,0.88
2019-03-03,WN,N211WN,1450,10397,ATL,"Atlanta, GA",10423,AUS,"Austin, TX",9.0,3.0,0.0,131.0,813.0,0.54
2019-03-03,WN,N284WN,5238,10397,ATL,"Atlanta, GA",10423,AUS,"Austin, TX",1.0,-1.0,0.0,130.0,813.0,0.61
2019-03-03,WN,N8504G,2965,10397,ATL,"Atlanta, GA",10693,BNA,"Nashville, TN",10.0,2.0,0.0,39.0,214.0,0.36
2019-03-03,WN,N928WN,3193,10397,ATL,"Atlanta, GA",10693,BNA,"Nashville, TN",-6.0,-27.0,0.0,39.0,214.0,0.83
2019-03-03,WN,N742SW,4998,10397,ATL,"Atlanta, GA",10693,BNA,"Nashville, TN",6.0,-5.0,0.0,38.0,214.0,0.7
2019-03-03,WN,N270WN,3933,10397,ATL,"Atlanta, GA",10721,BOS,"Boston, MA",104.0,91.0,0.0,114.0,946.0,0.89
2019-03-03,WN,N962WN,1295,10397,ATL,"Atlanta, GA",10821,BWI,"Baltimore, MD",,,1.0,,577.0,0.74
2019-03-03,WN,N738CB,2393,10397,ATL,"Atlanta, GA",10821,BWI,"Baltimore, MD",,,1.0,,577.0,0.82
2019-03-03,WN,N727SW,2446,10397,ATL,"Atlanta, GA",10821,BWI,"Baltimore, MD",12.0,9.0,0.0,82.0,577.0,0.9
2019-03-03,WN,N562WN,3282,10397,ATL,"Atlanta, GA",10821,BWI,"Baltimore, MD",,,1.0,,577.0,0.63
2019-03-03,WN,N7859B,3369,10397,ATL,"Atlanta, GA",10821,BWI,"Baltimore, MD",23.0,16.0,0.0,79.0,577.0,0.91
2019-03-03,WN,N767SW,1736,10397,ATL,"Atlanta, GA",11042,CLE,"Cleveland, OH",12.0,1.0,0.0,74.0,554.0,0.77
2019-03-03,WN,N952WN,4376,10397,ATL,"Atlanta, GA",11042,CLE,"Cleveland, OH",31.0,12.0,0.0,71.0,554.0,0.6
2019-03-03,WN,N409WN,1207,10397,ATL,"Atlanta, GA",11066,CMH,"Columbus, OH",65.0,58.0,0.0,62.0,447.0,0.9
2019-03-03,WN,N283WN,3114,10397,ATL,"Atlanta, GA",11066,CMH,"Columbus, OH",0.0,-3.0,0.0,71.0,447.0,0.82
2019-03-03,WN,N7888A,1459,10397,ATL,"Atlanta, GA",11259,DAL,"Dallas, TX",0.0,-3.0,0.0,120.0,721.0,0.51
2019-03-03,WN,N7719A,2691,10397,ATL,"Atlanta, GA",11259,DAL,"Dallas, TX",6.0,12.0,0.0,119.0,721.0,0.95
2019-03-03,WN,N419WN,2764,10397,ATL,"Atlanta, GA",11259,DAL,"Dallas, TX",16.0,12.0,0.0,120.0,721.0,0.85
2019-03-03,WN,N433LV,4190,10397,ATL,"Atlanta, GA",11259,DAL,"Dallas, TX",57.0,52.0,0.0,117.0,721.0,0.67
2019-03-03,WN,N290WN,5054,10397,ATL,"Atlanta, GA",11259,DAL,"Dallas, TX",8.0,14.0,0.0,118.0,721.0,0.75
2019-03-03,WN,N7885A,6976,10397,ATL,"Atlanta, GA",11259,DAL,"Dallas, TX",9.0,0.0,0.0,117.0,721.0,0.91
2019-03-03,WN,N8313F,345,10397,ATL,"Atlanta, GA",11278,DCA,"Washington, DC",-1.0,-16.0,0.0,72.0,547.0,0.83
2019-03-03,WN,N939WN,3322,10397,ATL,"Atlanta, GA",11278,DCA,"Washington, DC",-1.0,-3.0,0.0,79.0,547.0,0.32
2019-03-03,WN,N962WN,5236,10397,ATL,"Atlanta, GA",11278,DCA,"Washington, DC",24.0,20.0,0.0,74.0,547.0,0.63
2019-03-03,WN,N278WN,5473,10397,ATL,"Atlanta, GA",11278,DCA,"Washington, DC",175.0,162.0,0.0,70.0,547.0,0.44
2019-03-03,WN,N220WN,682,10397,ATL,"Atlanta, GA",11292,DEN,"Denver, CO",-5.0,-10.0,0.0,184.0,1199.0,0.6
2019-03-03,WN,N8714Q,2622,10397,ATL,"Atlanta, GA",11292,DEN,"Denver, CO",47.0,50.0,0.0,187.0,1199.0,0.33
2019-03-03,WN,N7858A,2939,10397,ATL,"Atlanta, GA",11292,DEN,"Denver, CO",17.0,6.0,0.0,182.0,1199.0,0.59
2019-03-03,WN,N7880D,3848,10397,ATL,"Atlanta, GA",11292,DEN,"Denver, CO",33.0,41.0,0.0,185.0,1199.0,0.48
2019-03-03,WN,N738CB,3779,10397,ATL,"Atlanta, GA",11433,DTW,"Detroit, MI",4.0,-4.0,0.0,83.0,594.0,0.65
2019-03-03,WN,N7731A,4700,10397,ATL,"Atlanta, GA",11433,DTW,"Detroit, MI",22.0,6.0,0.0,78.0,594.0,0.89
2019-03-03,WN,N742SW,4996,10397,ATL,"Atlanta, GA",11433,DTW,"Detroit, MI",-3.0,-10.0,0.0,89.0,594.0,0.85
2019-03-03,WN,N7837A,1352,10397,ATL,"Atlanta, GA",11697,FLL,"Fort Lauderdale, FL",0.0,-4.0,0.0,87.0,581.0,0.8
2019-03-03,WN,N7857B,2359,10397,ATL,"Atlanta, GA",11697,FLL,"Fort Lauderdale, FL",23.0,12.0,0.0,82.0,581.0,1.0
2019-03-03,WN,N934WN,4234,10397,ATL,"Atlanta, GA",11697,FLL,"Fort Lauderdale, FL",16.0,19.0,0.0,84.0,581.0,0.9
2019-03-03,WN,N477WN,4477,10397,ATL,"Atlanta, GA",11697,FLL,"Fort Lauderdale, FL",16.0,6.0,0.0,83.0,581.0,0.38
2019-03-03,WN,N221WN,5205,10397,ATL,"Atlanta, GA",11697,FLL,"Fort Lauderdale, FL",-1.0,-14.0,0.0,81.0,581.0,0.64
2019-03-03,WN,N955WN,2710,10397,ATL,"Atlanta, GA",11996,GSP,"Greer, SC",4.0,-14.0,0.0,28.0,153.0,0.87
2019-03-03,WN,N905WN,4228,10397,ATL,"Atlanta, GA",11996,GSP,"Greer, SC",21.0,3.0,0.0,28.0,153.0,0.71
2019-03-03,WN,N7820L,2367,10397,ATL,"Atlanta, GA",12191,HOU,"Houston, TX",-4.0,,0.0,,696.0,0.97
2019-03-03,WN,N8617E,2484,10397,ATL,"Atlanta, GA",12191,HOU,"Houston, TX",7.0,-6.0,0.0,115.0,696.0,0.68
2019-03-03,WN,N479WN,2545,10397,ATL,"Atlanta, GA",12191,HOU,"Houston, TX",3.0,14.0,0.0,115.0,696.0,0.73
2019-03-03,WN,N8659D,3238,10397,ATL,"Atlanta, GA",12191,HOU,"Houston, TX",11.0,-3.0,0.0,112.0,696.0,0.82
2019-03-03,WN,N7710A,3360,10397,ATL,"Atlanta, GA",12191,HOU,"Houston, TX",29.0,27.0,0.0,114.0,696.0,0.57
2019-03-03,WN,N734SA,4988,10397,ATL,"Atlanta, GA",12191,HOU,"Houston, TX",1.0,3.0,0.0,114.0,696.0,0.96
2019-03-03,WN,N400WN,4620,10397,ATL,"Atlanta, GA",12264,IAD,"Washington, DC",29.0,30.0,0.0,83.0,534.0,0.6
2019-03-03,WN,N260WN,2399,10397,ATL,"Atlanta, GA",12339,IND,"Indianapolis, IN",20.0,11.0,0.0,64.0,432.0,0.42
2019-03-03,WN,N200WN,2434,10397,ATL,"Atlanta, GA",12339,IND,"Indianapolis, IN",34.0,22.0,0.0,63.0,432.0,0.36
2019-03-03,WN,N260WN,3351,10397,ATL,"Atlanta, GA",12339,IND,"Indianapolis, IN",0.0,-10.0,0.0,63.0,432.0,0.37
2019-03-03,WN,N460WN,3917,10397,ATL,"Atlanta, GA",12451,JAX,"Jacksonville, FL",27.0,22.0,0.0,47.0,270.0,0.51
2019-03-03,WN,N964WN,4168,10397,ATL,"Atlanta, GA",12451,JAX,"Jacksonville, FL",-8.0,-11.0,0.0,47.0,270.0,0.79
2019-03-03,WN,N8318F,4280,10397,ATL,"Atlanta, GA",12889,LAS,"Las Vegas, NV",9.0,10.0,0.0,261.0,1747.0,0.97
2019-03-03,WN,N8632A,4696,10397,ATL,"Atlanta, GA",12889,LAS,"Las Vegas, NV",5.0,14.0,0.0,265.0,1747.0,0.93
2019-03-03,WN,N8660A,5212,10397,ATL,"Atlanta, GA",12889,LAS,"Las Vegas, NV",-5.0,-2.0,0.0,266.0,1747.0,0.39
2019-03-03,WN,N8657B,2949,10397,ATL,"Atlanta, GA",12892,LAX,"Los Angeles, CA",1.0,8.0,0.0,288.0,1947.0,0.66
2019-03-03,WN,N8554X,3161,10397,ATL,"Atlanta, GA",12892,LAX,"Los Angeles, CA",26.0,39.0,0.0,302.0,1947.0,1.0
2019-03-03,WN,N8734Q,5084,10397,ATL,"Atlanta, GA",12892,LAX,"Los Angeles, CA",9.0,-7.0,0.0,275.0,1947.0,0.67
2019-03-03,WN,N499WN,1125,10397,ATL,"Atlanta, GA",12953,LGA,"New York, NY",-4.0,0.0,0.0,101.0,762.0,0.33
2019-03-03,WN,N8539V,2382,10397,ATL,"Atlanta, GA",12953,LGA,"New York, NY",-5.0,-24.0,0.0,94.0,762.0,0.77
2019-03-03,WN,N409WN,3662,10397,ATL,"Atlanta, GA",12953,LGA,"New York, NY",,,1.0,,762.0,0.72
2019-03-03,WN,N7727A,4314,10397,ATL,"Atlanta, GA",12953,LGA,"New York, NY",102.0,132.0,0.0,130.0,762.0,0.61
2019-03-03,WN,N718SW,5518,10397,ATL,"Atlanta, GA",12953,LGA,"New York, NY",1.0,-7.0,0.0,102.0,762.0,0.58
2019-03-03,WN,N7820L,5561,10397,ATL,"Atlanta, GA",13198,MCI,"Kansas City, MO",12.0,4.0,0.0,109.0,692.0,0.97
2019-03-03,WN,N7857B,2360,10397,ATL,"Atlanta, GA",13204,MCO,"Orlando, FL",3.0,-12.0,0.0,59.0,404.0,0.4
2019-03-03,WN,N562WN,3044,10397,ATL,"Atlanta, GA",13204,MCO,"Orlando, FL",49.0,35.0,0.0,61.0,404.0,0.85
2019-03-03,WN,N768SW,3527,10397,ATL,"Atlanta, GA",13204,MCO,"Orlando, FL",14.0,7.0,0.0,62.0,404.0,0.95
2019-03-03,WN,N8568Z,3668,10397,ATL,"Atlanta, GA",13204,MCO,"Orlando, FL",-1.0,3.0,0.0,62.0,404.0,0.7
2019-03-03,WN,N7709A,3823,10397,ATL,"Atlanta, GA",13204,MCO,"Orlando, FL",22.0,24.0,0.0,65.0,404.0,0.52
2019-03-03,WN,N7869A,4036,10397,ATL,"Atlanta, GA",13204,MCO,"Orlando, FL",83.0,78.0,0.0,61.0,404.0,0.57
2019-03-03,WN,N790SW,3694,10397,ATL,"Atlanta, GA",13232,MDW,"Chicago, IL",24.0,12.0,0.0,84.0,591.0,0.94
2019-03-03,WN,N8677A,3739,10397,ATL,"Atlanta, GA",13232,MDW,"Chicago, IL",22.0,34.0,0.0,104.0,591.0,0.36
2019-03-03,WN,N7726A,5216,10397,ATL,"Atlanta, GA",13232,MDW,"Chicago, IL",12.0,12.0,0.0,86.0,591.0,0.57
2019-03-03,WN,N7726A,5222,10397,ATL,"Atlanta, GA",13232,MDW,"Chicago, IL",6.0,12.0,0.0,88.0,591.0,0.44
2019-03-03,WN,N956WN,5259,10397,ATL,"Atlanta, GA",13232,MDW,"Chicago, IL",1.0,-9.0,0.0,87.0,591.0,0.5
2019-03-03,WN,N8671D,1242,10397,ATL,"Atlanta, GA",13342,MKE,"Milwaukee, WI",18.0,1.0,0.0,92.0,669.0,0.98
2019-03-03,WN,N7855A,4120,10397,ATL,"Atlanta, GA",13342,MKE,"Milwaukee, WI",37.0,21.0,0.0,93.0,669.0,0.93
2019-03-03,WN,N8533S,946,10397,ATL,"Atlanta, GA",13487,MSP,"Minneapolis, MN",2.0,-14.0,0.0,130.0,907.0,0.37
2019-03-03,WN,N7840A,2349,10397,ATL,"Atlanta, GA",13487,MSP,"Minneapolis, MN",-10.0,-18.0,0.0,135.0,907.0,0.73
2019-03-03,WN,N7749B,25,10397,ATL,"Atlanta, GA",13495,MSY,"New Orleans, LA",97.0,128.0,0.0,89.0,425.0,0.59
2019-03-03,WN,N7821L,4629,10397,ATL,"Atlanta, GA",13495,MSY,"New Orleans, LA",-4.0,37.0,0.0,70.0,425.0,0.62
2019-03-03,WN,N488WN,5095,10397,ATL,"Atlanta, GA",13495,MSY,"New Orleans, LA",-2.0,-8.0,0.0,72.0,425.0,0.67
2019-03-03,WN,N7704B,5109,10397,ATL,"Atlanta, GA",13495,MSY,"New Orleans, LA",-3.0,1.0,0.0,68.0,425.0,0.47
2019-03-03,WN,N8309C,5055,10397,ATL,"Atlanta, GA",13796,OAK,"Oakland, CA",13.0,20.0,0.0,313.0,2130.0,0.98
2019-03-03,WN,N7844A,2600,10397,ATL,"Atlanta, GA",14027,PBI,"West Palm Beach/Palm Beach, FL",-4.0,-14.0,0.0,80.0,545.0,0.68
2019-03-03,WN,N756SA,4715,10397,ATL,"Atlanta, GA",14100,PHL,"Philadelphia, PA",,,1.0,,666.0,0.65
2019-03-03,WN,N8502Z,4368,10397,ATL,"Atlanta, GA",14107,PHX,"Phoenix, AZ",14.0,20.0,0.0,248.0,1587.0,0.82
2019-03-03,WN,N8660A,5208,10397,ATL,"Atlanta, GA",14107,PHX,"Phoenix, AZ",32.0,24.0,0.0,236.0,1587.0,0.99
2019-03-03,WN,N281WN,4982,10397,ATL,"Atlanta, GA",14122,PIT,"Pittsburgh, PA",80.0,66.0,0.0,64.0,526.0,0.99
2019-03-03,WN,N285WN,2701,10397,ATL,"Atlanta, GA",14492,RDU,"Raleigh/Durham, NC",-5.0,-25.0,0.0,53.0,356.0,0.46
2019-03-03,WN,N434WN,3996,10397,ATL,"Atlanta, GA",14492,RDU,"Raleigh/Durham, NC",0.0,-20.0,0.0,52.0,356.0,0.45
2019-03-03,WN,N211WN,2,10397,ATL,"Atlanta, GA",14524,RIC,"Richmond, VA",21.0,19.0,0.0,65.0,481.0,0.62
2019-03-03,WN,N216WR,4980,10397,ATL,"Atlanta, GA",14524,RIC,"Richmond, VA",28.0,23.0,0.0,65.0,481.0,0.92
2019-03-03,WN,N281WN,4985,10397,ATL,"Atlanta, GA",14524,RIC,"Richmond, VA",-1.0,-7.0,0.0,69.0,481.0,0.78
2019-03-03,WN,N453WN,4175,10397,ATL,"Atlanta, GA",14635,RSW,"Fort Myers, FL",51.0,48.0,0.0,76.0,515.0,0.48
2019-03-03,WN,N8537Z,3659,10397,ATL,"Atlanta, GA",14679,SAN,"San Diego, CA",26.0,35.0,0.0,291.0,1892.0,0.85
2019-03-03,WN,N955WN,3439,10397,ATL,"Atlanta, GA",14683,SAT,"San Antonio, TX",19.0,19.0,0.0,139.0,874.0,0.65
2019-03-03,WN,N720WN,3195,10397,ATL,"Atlanta, GA",15016,STL,"St. Louis, MO",70.0,64.0,0.0,76.0,484.0,0.6
2019-03-03,WN,N751SW,3452,10397,ATL,"Atlanta, GA",15016,STL,"St. Louis, MO",18.0,18.0,0.0,79.0,484.0,0.82
2019-03-03,WN,N443WN,3764,10397,ATL,"Atlanta, GA",15016,STL,"St. Louis, MO",14.0,10.0,0.0,75.0,484.0,0.71
2019-03-03,WN,N210WN,5335,10397,ATL,"Atlanta, GA",15016,STL,"St. Louis, MO",-1.0,-4.0,0.0,86.0,484.0,0.71
2019-03-03,WN,N7874B,2356,10397,ATL,"Atlanta, GA",15304,TPA,"Tampa, FL",0.0,-6.0,0.0,57.0,406.0,0.96
2019-03-03,WN,N7877H,2455,10397,ATL,"Atlanta, GA",15304,TPA,"Tampa, FL",44.0,47.0,0.0,68.0,406.0,0.81
2019-03-03,WN,N960WN,3266,10397,ATL,"Atlanta, GA",15304,TPA,"Tampa, FL",86.0,86.0,0.0,65.0,406.0,0.79
2019-03-03,WN,N730SW,3645,10397,ATL,"Atlanta, GA",15304,TPA,"Tampa, FL",18.0,15.0,0.0,66.0,406.0,0.61
2019-03-03,WN,N400WN,4619,10397,ATL,"Atlanta, GA",15304,TPA,"Tampa, FL",3.0,-13.0,0.0,60.0,406.0,0.54
2019-03-03,WN,N466WN,2747,10423,AUS,"Austin, TX",10140,ABQ,"Albuquerque, NM",28.0,23.0,0.0,98.0,619.0,0.78
2019-03-03,WN,N713SW,2896,10423,AUS,"Austin, TX",10140,ABQ,"Albuquerque, NM",9.0,9.0,0.0,101.0,619.0,0.52
2019-03-03,WN,N497WN,5045,10423,AUS,"Austin, TX",10140,ABQ,"Albuquerque, NM",-6.0,-10.0,0.0,94.0,619.0,0.86
2019-03-03,WN,N460WN,3917,10423,AUS,"Austin, TX",10397,ATL,"Atlanta, GA",20.0,19.0,0.0,102.0,813.0,0.97
2019-03-03,WN,N905WN,4228,10423,AUS,"Austin, TX",10397,ATL,"Atlanta, GA",-3.0,-3.0,0.0,102.0,813.0,0.52
2019-03-03,WN,N8514F,1069,10423,AUS,"Austin, TX",10693,BNA,"Nashville, TN",0.0,-6.0,0.0,89.0,756.0,0.39
2019-03-03,WN,N8702L,4718,10423,AUS,"Austin, TX",10693,BNA,"Nashville, TN",-4.0,-9.0,0.0,92.0,756.0,0.79
2019-03-03,WN,N423WN,5112,10423,AUS,"Austin, TX",10693,BNA,"Nashville, TN",0.0,-10.0,0.0,92.0,756.0,0.99
2019-03-03,WN,N7820L,5194,10423,AUS,"Austin, TX",10693,BNA,"Nashville, TN",-2.0,-14.0,0.0,88.0,756.0,0.71
2019-03-03,WN,N8579Z,3064,10423,AUS,"Austin, TX",10821,BWI,"Baltimore, MD",3.0,-8.0,0.0,154.0,1342.0,0.68
2019-03-03,WN,N8561Z,5180,10423,AUS,"Austin, TX",10821,BWI,"Baltimore, MD",-5.0,-16.0,0.0,154.0,1342.0,0.37
2019-03-03,WN,N427WN,1187,10423,AUS,"Austin, TX",11259,DAL,"Dallas, TX",32.0,14.0,0.0,34.0,189.0,0.72
2019-03-03,WN,N725SW,1699,10423,AUS,"Austin, TX",11259,DAL,"Dallas, TX",-2.0,-8.0,0.0,35.0,189.0,0.87
2019-03-03,WN,N7879A,1745,10423,AUS,"Austin, TX",11259,DAL,"Dallas, TX",5.0,-9.0,0.0,35.0,189.0,0.52
2019-03-03,WN,N7874B,2354,10423,AUS,"Austin, TX",11259,DAL,"Dallas, TX",-2.0,-20.0,0.0,35.0,189.0,0.54
2019-03-03,WN,N208WN,2394,10423,AUS,"Austin, TX",11259,DAL,"Dallas, TX",-4.0,-20.0,0.0,34.0,189.0,0.43
2019-03-03,WN,N7744A,3706,10423,AUS,"Austin, TX",11259,DAL,"Dallas, TX",-5.0,-15.0,0.0,33.0,189.0,0.95
2019-03-03,WN,N796SW,5163,10423,AUS,"Austin, TX",11259,DAL,"Dallas, TX",-4.0,-14.0,0.0,38.0,189.0,0.84
2019-03-03,WN,N794SW,5370,10423,AUS,"Austin, TX",11259,DAL,"Dallas, TX",8.0,-5.0,0.0,38.0,189.0,0.38
2019-03-03,WN,N710SW,5544,10423,AUS,"Austin, TX",11259,DAL,"Dallas, TX",-3.0,-17.0,0.0,34.0,189.0,0.67
2019-03-03,WN,N8682B,6114,10423,AUS,"Austin, TX",11278,DCA,"Washington, DC",0.0,-8.0,0.0,153.0,1315.0,0.53
2019-03-03,WN,N8726H,2389,10423,AUS,"Austin, TX",11292,DEN,"Denver, CO",3.0,7.0,0.0,118.0,775.0,0.33
2019-03-03,WN,N414WN,2391,10423,AUS,"Austin, TX",11292,DEN,"Denver, CO",14.0,9.0,0.0,114.0,775.0,1.0
2019-03-03,WN,N7828A,2396,10423,AUS,"Austin, TX",11292,DEN,"Denver, CO",13.0,12.0,0.0,119.0,775.0,0.73
2019-03-03,WN,N295WN,3348,10423,AUS,"Austin, TX",11292,DEN,"Denver, CO",45.0,42.0,0.0,119.0,775.0,0.96
2019-03-03,WN,N927WN,5250,10423,AUS,"Austin, TX",11292,DEN,"Denver, CO",8.0,10.0,0.0,116.0,775.0,0.62
2019-03-03,WN,N8630B,6501,10423,AUS,"Austin, TX",11292,DEN,"Denver, CO",18.0,20.0,0.0,119.0,775.0,0.61
2019-03-03,WN,N756SA,3721,10423,AUS,"Austin, TX",11540,ELP,"El Paso, TX",10.0,12.0,0.0,83.0,528.0,0.56
2019-03-03,WN,N7814B,4377,10423,AUS,"Austin, TX",11540,ELP,"El Paso, TX",16.0,14.0,0.0,86.0,528.0,0.81
2019-03-03,WN,N438WN,3081,10423,AUS,"Austin, TX",11618,EWR,"Newark, NJ",48.0,28.0,0.0,165.0,1504.0,0.63
2019-03-03,WN,N8653A,1551,10423,AUS,"Austin, TX",11697,FLL,"Fort Lauderdale, FL",10.0,-24.0,0.0,123.0,1105.0,0.77
2019-03-03,WN,N401WN,1790,10423,AUS,"Austin, TX",12191,HOU,"Houston, TX",-4.0,-3.0,0.0,36.0,148.0,0.34
2019-03-03,WN,N764SW,1893,10423,AUS,"Austin, TX",12191,HOU,"Houston, TX",32.0,15.0,0.0,30.0,148.0,0.83
2019-03-03,WN,N7714B,2404,10423,AUS,"Austin, TX",12191,HOU,"Houston, TX",53.0,36.0,0.0,30.0,148.0,0.99
2019-03-03,WN,N717SA,2805,10423,AUS,"Austin, TX",12191,HOU,"Houston, TX",-1.0,-15.0,0.0,31.0,148.0,0.74
2019-03-03,WN,N450WN,3533,10423,AUS,"Austin, TX",12191,HOU,"Houston, TX",14.0,22.0,0.0,41.0,148.0,0.99
2019-03-03,WN,N275WN,5129,10423,AUS,"Austin, TX",12191,HOU,"Houston, TX",-3.0,-19.0,0.0,30.0,148.0,0.31
2019-03-03,WN,N7856A,5330,10423,AUS,"Austin, TX",12191,HOU,"Houston, TX",19.0,-1.0,0.0,27.0,148.0,0.88
2019-03-03,WN,N754SW,1770,10423,AUS,"Austin, TX",12206,HRL,"Harlingen/San Benito, TX",2.0,-6.0,0.0,47.0,273.0,0.46
2019-03-03,WN,N205WN,4670,10423,AUS,"Austin, TX",12339,IND,"Indianapolis, IN",-3.0,-19.0,0.0,111.0,919.0,0.82
2019-03-03,WN,N8723Q,2376,10423,AUS,"Austin, TX",12889,LAS,"Las Vegas, NV",1.0,5.0,0.0,172.0,1090.0,0.93
2019-03-03,WN,N7713A,4101,10423,AUS,"Austin, TX",12889,LAS,"Las Vegas, NV",2.0,7.0,0.0,168.0,1090.0,0.89
2019-03-03,WN,N477WN,4477,10423,AUS,"Austin, TX",12889,LAS,"Las Vegas, NV",19.0,12.0,0.0,156.0,1090.0,0.42
2019-03-03,WN,N7851A,1034,10423,AUS,"Austin, TX",12892,LAX,"Los Angeles, CA",13.0,13.0,0.0,191.0,1242.0,0.54
2019-03-03,WN,N757LV,1099,10423,AUS,"Austin, TX",12892,LAX,"Los Angeles, CA",31.0,25.0,0.0,189.0,1242.0,0.86
2019-03-03,WN,N776WN,3392,10423,AUS,"Austin, TX",12896,LBB,"Lubbock, TX",-2.0,3.0,0.0,62.0,341.0,0.59
2019-03-03,WN,N737JW,3235,10423,AUS,"Austin, TX",13198,MCI,"Kansas City, MO",-9.0,6.0,0.0,89.0,650.0,0.79
2019-03-03,WN,N7706A,5156,10423,AUS,"Austin, TX",13204,MCO,"Orlando, FL",0.0,1.0,0.0,118.0,994.0,0.41
2019-03-03,WN,N942WN,5386,10423,AUS,"Austin, TX",13204,MCO,"Orlando, FL",-6.0,-11.0,0.0,121.0,994.0,0.46
2019-03-03,WN,N258WN,4566,10423,AUS,"Austin, TX",13232,MDW,"Chicago, IL",0.0,-13.0,0.0,124.0,972.0,0.54
2019-03-03,WN,N764SW,4671,10423,AUS,"Austin, TX",13232,MDW,"Chicago, IL",-5.0,-14.0,0.0,123.0,972.0,0.59
2019-03-03,WN,N298WN,4684,10423,AUS,"Austin, TX",13232,MDW,"Chicago, IL",39.0,34.0,0.0,127.0,972.0,0.53
2019-03-03,WN,N8690A,4802,10423,AUS,"Austin, TX",13232,MDW,"Chicago, IL",1.0,-6.0,0.0,128.0,972.0,0.91
2019-03-03,WN,N764SW,4648,10423,AUS,"Austin, TX",13495,MSY,"New Orleans, LA",-6.0,-6.0,0.0,61.0,444.0,0.56
2019-03-03,WN,N284WN,5238,10423,AUS,"Austin, TX",13495,MSY,"New Orleans, LA",0.0,-4.0,0.0,60.0,444.0,0.82
2019-03-03,WN,N7889A,5448,10423,AUS,"Austin, TX",13495,MSY,"New Orleans, LA",0.0,0.0,0.0,60.0,444.0,0.65
2019-03-03,WN,N8723Q,2854,10423,AUS,"Austin, TX",13796,OAK,"Oakland, CA",20.0,11.0,0.0,218.0,1497.0,0.34
2019-03-03,WN,N212WN,1909,10423,AUS,"Austin, TX",14107,PHX,"Phoenix, AZ",49.0,46.0,0.0,131.0,872.0,0.84
2019-03-03,WN,N954WN,3507,10423,AUS,"Austin, TX",14107,PHX,"Phoenix, AZ",-4.0,1.0,0.0,131.0,872.0,0.47
2019-03-03,WN,N8697C,5175,10423,AUS,"Austin, TX",14107,PHX,"Phoenix, AZ",-2.0,-5.0,0.0,139.0,872.0,0.58
2019-03-03,WN,N8563Z,5533,10423,AUS,"Austin, TX",14107,PHX,"Phoenix, AZ",30.0,29.0,0.0,134.0,872.0,0.97
2019-03-03,WN,N8682B,196,10423,AUS,"Austin, TX",14679,SAN,"San Diego, CA",10.0,4.0,0.0,172.0,1164.0,0.75
2019-03-03,WN,N8504G,2960,10423,AUS,"Austin, TX",14679,SAN,"San Diego, CA",5.0,7.0,0.0,178.0,1164.0,0.77
2019-03-03,WN,N420WN,3671,10423,AUS,"Austin, TX",14771,SFO,"San Francisco, CA",46.0,74.0,0.0,238.0,1504.0,0.9
2019-03-03,WN,N8601C,978,10423,AUS,"Austin, TX",14831,SJC,"San Jose, CA",7.0,14.0,0.0,229.0,1476.0,0.6
2019-03-03,WN,N211WN,1450,10423,AUS,"Austin, TX",14831,SJC,"San Jose, CA",8.0,5.0,0.0,218.0,1476.0,0.45
2019-03-03,WN,N560WN,694,10423,AUS,"Austin, TX",14893,SMF,"Sacramento, CA",37.0,28.0,0.0,218.0,1481.0,0.34
2019-03-03,WN,N271LV,4212,10423,AUS,"Austin, TX",15016,STL,"St. Louis, MO",12.0,9.0,0.0,100.0,721.0,0.45
2019-03-03,WN,N7703A,5196,10423,AUS,"Austin, TX",15016,STL,"St. Louis, MO",-4.0,-11.0,0.0,95.0,721.0,0.85
2019-03-03,WN,N715SW,4217,10423,AUS,"Austin, TX",15304,TPA,"Tampa, FL",135.0,126.0,0.0,108.0,928.0,0.77
2019-03-03,WN,N779SW,2126,10529,BDL,"Hartford, CT",10821,BWI,"Baltimore, MD",36.0,32.0,0.0,58.0,283.0,0.77
2019-03-03,WN,N7857B,2359,10529,BDL,"Hartford, CT",10821,BWI,"Baltimore, MD",-2.0,-8.0,0.0,56.0,283.0,0.99
2019-03-03,WN,N7743B,2606,10529,BDL,"Hartford, CT",10821,BWI,"Baltimore, MD",,,1.0,,283.0,0.94
2019-03-03,WN,N919WN,5168,10529,BDL,"Hartford, CT",10821,BWI,"Baltimore, MD",20.0,33.0,0.0,56.0,283.0,0.47
2019-03-03,WN,N7828A,5524,10529,BDL,"Hartford, CT",10821,BWI,"Baltimore, MD",-1.0,-20.0,0.0,49.0,283.0,0.86
2019-03-03,WN,N7880D,2399,10529,BDL,"Hartford, CT",11697,FLL,"Fort Lauderdale, FL",-6.0,-2.0,0.0,167.0,1173.0,0.7
2019-03-03,WN,N7714B,2402,10529,BDL,"Hartford, CT",13204,MCO,"Orlando, FL",22.0,22.0,0.0,152.0,1050.0,0.37
2019-03-03,WN,N415WN,3240,10529,BDL,"Hartford, CT",13204,MCO,"Orlando, FL",7.0,-2.0,0.0,158.0,1050.0,0.52
2019-03-03,WN,N478WN,4337,10529,BDL,"Hartford, CT",13204,MCO,"Orlando, FL",-3.0,-15.0,0.0,152.0,1050.0,0.66
2019-03-03,WN,N247WN,1914,10529,BDL,"Hartford, CT",13232,MDW,"Chicago, IL",-4.0,-15.0,0.0,133.0,777.0,0.39
2019-03-03,WN,N7734H,4323,10529,BDL,"Hartford, CT",13232,MDW,"Chicago, IL",26.0,17.0,0.0,135.0,777.0,0.88
2019-03-03,WN,N8681M,3732,10529,BDL,"Hartford, CT",14635,RSW,"Fort Myers, FL",8.0,8.0,0.0,185.0,1180.0,0.61
2019-03-03,WN,N945WN,2945,10529,BDL,"Hartford, CT",15016,STL,"St. Louis, MO",-4.0,-8.0,0.0,156.0,957.0,0.89
2019-03-03,WN,N8571Z,2410,10529,BDL,"Hartford, CT",15304,TPA,"Tampa, FL",-7.0,-23.0,0.0,160.0,1111.0,0.76
2019-03-03,WN,N7743B,4119,10529,BDL,"Hartford, CT",15304,TPA,"Tampa, FL",-2.0,-2.0,0.0,169.0,1111.0,0.36
2019-03-03,WN,N8558Z,1057,10599,BHM,"Birmingham, AL",10821,BWI,"Baltimore, MD",,,1.0,,682.0,0.63
2019-03-03,WN,N7834A,14,10599,BHM,"Birmingham, AL",11259,DAL,"Dallas, TX",45.0,44.0,0.0,102.0,587.0,0.68
2019-03-03,WN,N401WN,4448,10599,BHM,"Birmingham, AL",11259,DAL,"Dallas, TX",-5.0,-1.0,0.0,102.0,587.0,0.72
2019-03-03,WN,N8692F,5441,10599,BHM,"Birmingham, AL",12191,HOU,"Houston, TX",-5.0,-5.0,0.0,103.0,570.0,0.95
2019-03-03,WN,N8670A,1802,10599,BHM,"Birmingham, AL",12889,LAS,"Las Vegas, NV",-4.0,8.0,0.0,253.0,1618.0,0.46
2019-03-03,WN,N231WN,5061,10599,BHM,"Birmingham, AL",13204,MCO,"Orlando, FL",-4.0,-11.0,0.0,69.0,479.0,0.91
2019-03-03,WN,N7876A,5501,10599,BHM,"Birmingham, AL",13204,MCO,"Orlando, FL",-4.0,-11.0,0.0,65.0,479.0,0.61
2019-03-03,WN,N8541W,4967,10599,BHM,"Birmingham, AL",13232,MDW,"Chicago, IL",-3.0,-20.0,0.0,81.0,570.0,0.68
2019-03-03,WN,N409WN,2068,10599,BHM,"Birmingham, AL",15304,TPA,"Tampa, FL",4.0,-6.0,0.0,63.0,459.0,0.55
2019-03-03,WN,N293WN,5408,10599,BHM,"Birmingham, AL",15304,TPA,"Tampa, FL",-2.0,-11.0,0.0,62.0,459.0,0.62
2019-03-03,WN,N8734Q,2416,10693,BNA,"Nashville, TN",10397,ATL,"Atlanta, GA",-4.0,-12.0,0.0,47.0,214.0,0.89
2019-03-03,WN,N720WN,3200,10693,BNA,"Nashville, TN",10397,ATL,"Atlanta, GA",72.0,75.0,0.0,47.0,214.0,0.99
2019-03-03,WN,N760SW,5109,10693,BNA,"Nashville, TN",10397,ATL,"Atlanta, GA",48.0,39.0,0.0,40.0,214.0,0.66
2019-03-03,WN,N298WN,2968,10693,BNA,"Nashville, TN",10423,AUS,"Austin, TX",16.0,11.0,0.0,124.0,756.0,0.58
2019-03-03,WN,N450WN,3533,10693,BNA,"Nashville, TN",10423,AUS,"Austin, TX",10.0,9.0,0.0,126.0,756.0,0.4
2019-03-03,WN,N460WN,3686,10693,BNA,"Nashville, TN",10423,AUS,"Austin, TX",12.0,10.0,0.0,123.0,756.0,0.4
2019-03-03,WN,N8601C,4810,10693,BNA,"Nashville, TN",10423,AUS,"Austin, TX",-1.0,-3.0,0.0,124.0,756.0,0.81
2019-03-03,WN,N8308K,3771,10693,BNA,"Nashville, TN",10721,BOS,"Boston, MA",13.0,-12.0,0.0,106.0,942.0,0.77
2019-03-03,WN,N8608N,4165,10693,BNA,"Nashville, TN",10721,BOS,"Boston, MA",,,1.0,,942.0,0.93
2019-03-03,WN,N7865A,2430,10693,BNA,"Nashville, TN",10821,BWI,"Baltimore, MD",10.0,-2.0,0.0,74.0,587.0,0.42
2019-03-03,WN,N8573Z,2507,10693,BNA,"Nashville, TN",10821,BWI,"Baltimore, MD",11.0,-2.0,0.0,72.0,587.0,0.54
2019-03-03,WN,N938WN,3673,10693,BNA,"Nashville, TN",10821,BWI,"Baltimore, MD",11.0,15.0,0.0,77.0,587.0,0.78
2019-03-03,WN,N925WN,5087,10693,BNA,"Nashville, TN",10821,BWI,"Baltimore, MD",20.0,43.0,0.0,75.0,587.0,0.64
2019-03-03,WN,N8514F,6851,10693,BNA,"Nashville, TN",10821,BWI,"Baltimore, MD",26.0,20.0,0.0,75.0,587.0,0.35
2019-03-03,WN,N7868K,1076,10693,BNA,"Nashville, TN",10994,CHS,"Charleston, SC",11.0,-1.0,0.0,60.0,439.0,0.77
2019-03-03,WN,N224WN,26,10693,BNA,"Nashville, TN",11042,CLE,"Cleveland, OH",-5.0,8.0,0.0,59.0,448.0,0.86
2019-03-03,WN,N8650F,2845,10693,BNA,"Nashville, TN",11042,CLE,"Cleveland, OH",6.0,-8.0,0.0,56.0,448.0,0.74
2019-03-03,WN,N247WN,5522,10693,BNA,"Nashville, TN",11042,CLE,"Cleveland, OH",-1.0,-9.0,0.0,58.0,448.0,0.93
2019-03-03,WN,N8580Z,1314,10693,BNA,"Nashville, TN",11057,CLT,"Charlotte, NC",1.0,9.0,0.0,48.0,328.0,0.82
2019-03-03,WN,N7820L,5194,10693,BNA,"Nashville, TN",11057,CLT,"Charlotte, NC",13.0,3.0,0.0,54.0,328.0,0.69
2019-03-03,WN,N799SW,1195,10693,BNA,"Nashville, TN",11066,CMH,"Columbus, OH",5.0,35.0,0.0,53.0,337.0,0.63
2019-03-03,WN,N287WN,2443,10693,BNA,"Nashville, TN",11259,DAL,"Dallas, TX",7.0,5.0,0.0,103.0,623.0,0.96
2019-03-03,WN,N746SW,2696,10693,BNA,"Nashville, TN",11259,DAL,"Dallas, TX",1.0,5.0,0.0,109.0,623.0,0.55
2019-03-03,WN,N7879A,4324,10693,BNA,"Nashville, TN",11259,DAL,"Dallas, TX",44.0,42.0,0.0,103.0,623.0,0.53
2019-03-03,WN,N8701Q,5139,10693,BNA,"Nashville, TN",11259,DAL,"Dallas, TX",2.0,-4.0,0.0,99.0,623.0,0.87
2019-03-03,WN,N226WN,6950,10693,BNA,"Nashville, TN",11259,DAL,"Dallas, TX",47.0,41.0,0.0,98.0,623.0,0.7
2019-03-03,WN,N226WN,2466,10693,BNA,"Nashville, TN",11278,DCA,"Washington, DC",,,1.0,,562.0,0.62
2019-03-03,WN,N239WN,3831,10693,BNA,"Nashville, TN",11278,DCA,"Washington, DC",,,1.0,,562.0,0.51
2019-03-03,WN,N219WN,4961,10693,BNA,"Nashville, TN",11278,DCA,"Washington, DC",,,1.0,,562.0,0.54
2019-03-03,WN,N732SW,5304,10693,BNA,"Nashville, TN",11278,DCA,"Washington, DC",7.0,-2.0,0.0,71.0,562.0,0.69
2019-03-03,WN,N961WN,2833,10693,BNA,"Nashville, TN",11292,DEN,"Denver, CO",25.0,13.0,0.0,152.0,1014.0,0.57
2019-03-03,WN,N8614M,3757,10693,BNA,"Nashville, TN",11292,DEN,"Denver, CO",90.0,101.0,0.0,158.0,1014.0,0.71
2019-03-03,WN,N8605E,4229,10693,BNA,"Nashville, TN",11292,DEN,"Denver, CO",39.0,40.0,0.0,153.0,1014.0,0.87
2019-03-03,WN,N8669B,5294,10693,BNA,"Nashville, TN",11292,DEN,"Denver, CO",-1.0,0.0,0.0,153.0,1014.0,0.5
2019-03-03,WN,N7862A,2427,10693,BNA,"Nashville, TN",11433,DTW,"Detroit, MI",-1.0,11.0,0.0,66.0,456.0,0.44
2019-03-03,WN,N901WN,3339,10693,BNA,"Nashville, TN",11433,DTW,"Detroit, MI",-1.0,-10.0,0.0,64.0,456.0,0.56
2019-03-03,WN,N7865A,2431,10693,BNA,"Nashville, TN",11481,ECP,"Panama City, FL",11.0,6.0,0.0,61.0,401.0,0.38
2019-03-03,WN,N781WN,3801,10693,BNA,"Nashville, TN",11481,ECP,"Panama City, FL",35.0,31.0,0.0,63.0,401.0,0.49
2019-03-03,WN,N951WN,3054,10693,BNA,"Nashville, TN",11618,EWR,"Newark, NJ",32.0,2.0,0.0,88.0,748.0,0.74
2019-03-03,WN,N925WN,5011,10693,BNA,"Nashville, TN",11618,EWR,"Newark, NJ",,,1.0,,748.0,0.71
2019-03-03,WN,N447WN,35,10693,BNA,"Nashville, TN",11697,FLL,"Fort Lauderdale, FL",-3.0,-8.0,0.0,107.0,793.0,0.62
2019-03-03,WN,N7839A,2432,10693,BNA,"Nashville, TN",11697,FLL,"Fort Lauderdale, FL",-5.0,-4.0,0.0,108.0,793.0,0.36
2019-03-03,WN,N7867A,3191,10693,BNA,"Nashville, TN",11697,FLL,"Fort Lauderdale, FL",23.0,23.0,0.0,113.0,793.0,0.57
2019-03-03,WN,N7867A,4226,10693,BNA,"Nashville, TN",11697,FLL,"Fort Lauderdale, FL",15.0,17.0,0.0,116.0,793.0,0.93
2019-03-03,WN,N716SW,1649,10693,BNA,"Nashville, TN",12191,HOU,"Houston, TX",12.0,6.0,0.0,114.0,670.0,0.81
2019-03-03,WN,N700GS,2423,10693,BNA,"Nashville, TN",12191,HOU,"Houston, TX",0.0,,0.0,,670.0,0.32
2019-03-03,WN,N714CB,2476,10693,BNA,"Nashville, TN",12191,HOU,"Houston, TX",4.0,3.0,0.0,110.0,670.0,0.4
2019-03-03,WN,N738CB,3228,10693,BNA,"Nashville, TN",12451,JAX,"Jacksonville, FL",9.0,41.0,0.0,68.0,483.0,0.45
2019-03-03,WN,N708SW,3875,10693,BNA,"Nashville, TN",12451,JAX,"Jacksonville, FL",-2.0,-9.0,0.0,69.0,483.0,0.54
2019-03-03,WN,N226WN,2437,10693,BNA,"Nashville, TN",12889,LAS,"Las Vegas, NV",-2.0,-5.0,0.0,239.0,1587.0,0.87
2019-03-03,WN,N8541W,3595,10693,BNA,"Nashville, TN",12889,LAS,"Las Vegas, NV",-1.0,-5.0,0.0,237.0,1587.0,0.65
2019-03-03,WN,N8702L,4632,10693,BNA,"Nashville, TN",12889,LAS,"Las Vegas, NV",19.0,28.0,0.0,243.0,1587.0,0.75
2019-03-03,WN,N8716B,2421,10693,BNA,"Nashville, TN",12892,LAX,"Los Angeles, CA",-1.0,6.0,0.0,275.0,1797.0,0.81
2019-03-03,WN,N8317M,2475,10693,BNA,"Nashville, TN",12892,LAX,"Los Angeles, CA",-2.0,-2.0,0.0,274.0,1797.0,0.93
2019-03-03,WN,N8647A,5435,10693,BNA,"Nashville, TN",12892,LAX,"Los Angeles, CA",10.0,14.0,0.0,275.0,1797.0,0.54
2019-03-03,WN,N269WN,2424,10693,BNA,"Nashville, TN",12953,LGA,"New York, NY",2.0,-18.0,0.0,93.0,764.0,0.51
2019-03-03,WN,N701GS,2906,10693,BNA,"Nashville, TN",12953,LGA,"New York, NY",6.0,-8.0,0.0,93.0,764.0,0.35
2019-03-03,WN,N250WN,5574,10693,BNA,"Nashville, TN",12953,LGA,"New York, NY",10.0,17.0,0.0,106.0,764.0,0.97
2019-03-03,WN,N293WN,2405,10693,BNA,"Nashville, TN",13198,MCI,"Kansas City, MO",-1.0,0.0,0.0,81.0,491.0,0.73
2019-03-03,WN,N795SW,4425,10693,BNA,"Nashville, TN",13198,MCI,"Kansas City, MO",-1.0,4.0,0.0,82.0,491.0,0.4
2019-03-03,WN,N8311Q,5030,10693,BNA,"Nashville, TN",13198,MCI,"Kansas City, MO",-2.0,-7.0,0.0,82.0,491.0,0.95
2019-03-03,WN,N784SW,2451,10693,BNA,"Nashville, TN",13204,MCO,"Orlando, FL",1.0,-11.0,0.0,80.0,616.0,0.47
2019-03-03,WN,N242WN,2940,10693,BNA,"Nashville, TN",13204,MCO,"Orlando, FL",12.0,13.0,0.0,88.0,616.0,0.73
2019-03-03,WN,N283WN,3627,10693,BNA,"Nashville, TN",13204,MCO,"Orlando, FL",12.0,13.0,0.0,88.0,616.0,0.69
2019-03-03,WN,N947WN,3919,10693,BNA,"Nashville, TN",13204,MCO,"Orlando, FL",-2.0,-2.0,0.0,86.0,616.0,0.44
2019-03-03,WN,N7727A,4312,10693,BNA,"Nashville, TN",13204,MCO,"Orlando, FL",53.0,52.0,0.0,84.0,616.0,0.77
2019-03-03,WN,N793SA,2487,10693,BNA,"Nashville, TN",13232,MDW,"Chicago, IL",-1.0,-10.0,0.0,63.0,395.0,0.38
2019-03-03,WN,N798SW,3257,10693,BNA,"Nashville, TN",13232,MDW,"Chicago, IL",11.0,-1.0,0.0,64.0,395.0,0.57
2019-03-03,WN,N716SW,3844,10693,BNA,"Nashville, TN",13232,MDW,"Chicago, IL",22.0,46.0,0.0,61.0,395.0,0.63
2019-03-03,WN,N7854B,4972,10693,BNA,"Nashville, TN",13232,MDW,"Chicago, IL",51.0,57.0,0.0,65.0,395.0,0.92
2019-03-03,WN,N8577Z,5365,10693,BNA,"Nashville, TN",13232,MDW,"Chicago, IL",18.0,3.0,0.0,62.0,395.0,0.65
2019-03-03,WN,N903WN,4350,10693,BNA,"Nashville, TN",13342,MKE,"Milwaukee, WI",0.0,-6.0,0.0,66.0,475.0,0.82
2019-03-03,WN,N7731A,4032,10693,BNA,"Nashville, TN",13487,MSP,"Minneapolis, MN",45.0,34.0,0.0,103.0,695.0,0.75
2019-03-03,WN,N264LV,3057,10693,BNA,"Nashville, TN",13495,MSY,"New Orleans, LA",-1.0,-1.0,0.0,80.0,471.0,0.39
2019-03-03,WN,N775SW,3178,10693,BNA,"Nashville, TN",13495,MSY,"New Orleans, LA",29.0,32.0,0.0,77.0,471.0,0.97
2019-03-03,WN,N731SA,3187,10693,BNA,"Nashville, TN",13495,MSY,"New Orleans, LA",2.0,8.0,0.0,75.0,471.0,0.62
2019-03-03,WN,N467WN,4026,10693,BNA,"Nashville, TN",13495,MSY,"New Orleans, LA",10.0,18.0,0.0,86.0,471.0,0.43
2019-03-03,WN,N8552Z,4788,10693,BNA,"Nashville, TN",13495,MSY,"New Orleans, LA",,,1.0,,471.0,0.31
2019-03-03,WN,N8608N,3846,10693,BNA,"Nashville, TN",13796,OAK,"Oakland, CA",87.0,107.0,0.0,293.0,1959.0,0.56
2019-03-03,WN,N474WN,2722,10693,BNA,"Nashville, TN",13851,OKC,"Oklahoma City, OK",-5.0,-9.0,0.0,104.0,616.0,0.45
2019-03-03,WN,N938WN,3733,10693,BNA,"Nashville, TN",14100,PHL,"Philadelphia, PA",1.0,-7.0,0.0,87.0,675.0,0.74
2019-03-03,WN,N7713A,5345,10693,BNA,"Nashville, TN",14100,PHL,"Philadelphia, PA",,,1.0,,675.0,0.52
2019-03-03,WN,N967WN,2913,10693,BNA,"Nashville, TN",14107,PHX,"Phoenix, AZ",-5.0,-4.0,0.0,227.0,1449.0,0.73
2019-03-03,WN,N8515X,3499,10693,BNA,"Nashville, TN",14107,PHX,"Phoenix, AZ",4.0,7.0,0.0,226.0,1449.0,0.96
2019-03-03,WN,N8724J,4723,10693,BNA,"Nashville, TN",14107,PHX,"Phoenix, AZ",17.0,21.0,0.0,229.0,1449.0,0.71
2019-03-03,WN,N7847A,2486,10693,BNA,"Nashville, TN",14122,PIT,"Pittsburgh, PA",-2.0,-18.0,0.0,57.0,462.0,0.66
2019-03-03,WN,N8735L,5032,10693,BNA,"Nashville, TN",14122,PIT,"Pittsburgh, PA",,,1.0,,462.0,0.75
2019-03-03,WN,N412WN,1393,10693,BNA,"Nashville, TN",14193,PNS,"Pensacola, FL",23.0,20.0,0.0,62.0,391.0,0.4
2019-03-03,WN,N265WN,4395,10693,BNA,"Nashville, TN",14193,PNS,"Pensacola, FL",2.0,5.0,0.0,65.0,391.0,0.86
2019-03-03,WN,N716SW,3842,10693,BNA,"Nashville, TN",14492,RDU,"Raleigh/Durham, NC",-4.0,-7.0,0.0,70.0,442.0,0.57
2019-03-03,WN,N423WN,5112,10693,BNA,"Nashville, TN",14492,RDU,"Raleigh/Durham, NC",-3.0,8.0,0.0,67.0,442.0,0.41
2019-03-03,WN,N244WN,5528,10693,BNA,"Nashville, TN",14492,RDU,"Raleigh/Durham, NC",0.0,-7.0,0.0,65.0,442.0,0.94
2019-03-03,WN,N8727M,2469,10693,BNA,"Nashville, TN",14679,SAN,"San Diego, CA",16.0,28.0,0.0,268.0,1751.0,0.8
2019-03-03,WN,N500WR,1154,10693,BNA,"Nashville, TN",14683,SAT,"San Antonio, TX",18.0,42.0,0.0,129.0,822.0,0.44
2019-03-03,WN,N401WN,1790,10693,BNA,"Nashville, TN",15016,STL,"St. Louis, MO",15.0,6.0,0.0,50.0,272.0,0.75
2019-03-03,WN,N407WN,3090,10693,BNA,"Nashville, TN",15016,STL,"St. Louis, MO",3.0,8.0,0.0,57.0,272.0,0.38
2019-03-03,WN,N210WN,5332,10693,BNA,"Nashville, TN",15016,STL,"St. Louis, MO",50.0,46.0,0.0,50.0,272.0,0.75
2019-03-03,WN,N438WN,3082,10693,BNA,"Nashville, TN",15304,TPA,"Tampa, FL",20.0,34.0,0.0,88.0,612.0,0.94
2019-03-03,WN,N928WN,3193,10693,BNA,"Nashville, TN",15304,TPA,"Tampa, FL",-1.0,-3.0,0.0,84.0,612.0,0.57
2019-03-03,WN,N742SW,4998,10693,BNA,"Nashville, TN",15304,TPA,"Tampa, FL",-5.0,-16.0,0.0,81.0,612.0,0.51
2019-03-03,WN,N485WN,5393,10693,BNA,"Nashville, TN",15304,TPA,"Tampa, FL",-5.0,-16.0,0.0,82.0,612.0,0.36
2019-03-03,WN,N8727M,2461,10713,BOI,"Boise, ID",11292,DEN,"Denver, CO",11.0,27.0,0.0,92.0,649.0,0.78
2019-03-03,WN,N7707C,5345,10713,BOI,"Boise, ID",11292,DEN,"Denver, CO",-6.0,-4.0,0.0,89.0,649.0,0.46
2019-03-03,WN,N765SW,4660,10713,BOI,"Boise, ID",11884,GEG,"Spokane, WA",24.0,14.0,0.0,45.0,287.0,0.74
2019-03-03,WN,N969WN,2471,10713,BOI,"Boise, ID",12889,LAS,"Las Vegas, NV",-4.0,-11.0,0.0,81.0,519.0,0.58
2019-03-03,WN,N411WN,4709,10713,BOI,"Boise, ID",12889,LAS,"Las Vegas, NV",-5.0,-10.0,0.0,80.0,519.0,0.54
2019-03-03,WN,N492WN,2459,10713,BOI,"Boise, ID",13796,OAK,"Oakland, CA",0.0,-7.0,0.0,85.0,512.0,0.8
2019-03-03,WN,N7835A,4279,10713,BOI,"Boise, ID",13796,OAK,"Oakland, CA",6.0,2.0,0.0,82.0,512.0,0.68
2019-03-03,WN,N915WN,1254,10713,BOI,"Boise, ID",14107,PHX,"Phoenix, AZ",30.0,17.0,0.0,99.0,735.0,0.48
2019-03-03,WN,N785SW,1978,10713,BOI,"Boise, ID",14679,SAN,"San Diego, CA",-7.0,5.0,0.0,112.0,749.0,0.43
2019-03-03,WN,N704SW,2076,10713,BOI,"Boise, ID",14831,SJC,"San Jose, CA",-2.0,4.0,0.0,95.0,523.0,0.54
2019-03-03,WN,N8676A,2483,10713,BOI,"Boise, ID",14893,SMF,"Sacramento, CA",-1.0,-8.0,0.0,67.0,437.0,0.54
2019-03-03,WN,N8617E,2484,10721,BOS,"Boston, MA",10397,ATL,"Atlanta, GA",-5.0,-23.0,0.0,143.0,946.0,0.69
2019-03-03,WN,N714CB,2476,10721,BOS,"Boston, MA",10693,BNA,"Nashville, TN",-3.0,5.0,0.0,169.0,942.0,0.85
2019-03-03,WN,N8573Z,2505,10721,BOS,"Boston, MA",10693,BNA,"Nashville, TN",-2.0,0.0,0.0,158.0,942.0,0.56
2019-03-03,WN,N7847A,2495,10721,BOS,"Boston, MA",10821,BWI,"Baltimore, MD",-3.0,-21.0,0.0,65.0,369.0,0.97
2019-03-03,WN,N484WN,2498,10721,BOS,"Boston, MA",10821,BWI,"Baltimore, MD",-6.0,-19.0,0.0,64.0,369.0,0.84
2019-03-03,WN,N428WN,3334,10721,BOS,"Boston, MA",10821,BWI,"Baltimore, MD",-7.0,-17.0,0.0,65.0,369.0,0.91
2019-03-03,WN,N270WN,4755,10721,BOS,"Boston, MA",10821,BWI,"Baltimore, MD",33.0,28.0,0.0,70.0,369.0,0.75
2019-03-03,WN,N914WN,5482,10721,BOS,"Boston, MA",10821,BWI,"Baltimore, MD",1.0,-1.0,0.0,74.0,369.0,0.9
2019-03-03,WN,N7843A,5581,10721,BOS,"Boston, MA",11066,CMH,"Columbus, OH",-4.0,-13.0,0.0,118.0,640.0,0.63
2019-03-03,WN,N8722L,2497,10721,BOS,"Boston, MA",11259,DAL,"Dallas, TX",0.0,-7.0,0.0,246.0,1554.0,0.48
2019-03-03,WN,N8308K,3776,10721,BOS,"Boston, MA",11292,DEN,"Denver, CO",-5.0,-19.0,0.0,269.0,1754.0,0.68
2019-03-03,WN,N8606C,2493,10721,BOS,"Boston, MA",12191,HOU,"Houston, TX",-1.0,-2.0,0.0,256.0,1609.0,0.42
2019-03-03,WN,N8322X,2478,10721,BOS,"Boston, MA",13198,MCI,"Kansas City, MO",-6.0,-10.0,0.0,199.0,1256.0,0.84
2019-03-03,WN,N8612K,2508,10721,BOS,"Boston, MA",13232,MDW,"Chicago, IL",-5.0,0.0,0.0,143.0,861.0,0.93
2019-03-03,WN,N922WN,5051,10721,BOS,"Boston, MA",13232,MDW,"Chicago, IL",-3.0,-14.0,0.0,143.0,861.0,0.54
2019-03-03,WN,N8710M,2514,10721,BOS,"Boston, MA",15016,STL,"St. Louis, MO",-7.0,-12.0,0.0,173.0,1047.0,0.52
2019-03-03,WN,N472WN,3607,10721,BOS,"Boston, MA",15016,STL,"St. Louis, MO",5.0,4.0,0.0,179.0,1047.0,0.46
2019-03-03,WN,N784SW,1029,10792,BUF,"Buffalo, NY",10821,BWI,"Baltimore, MD",,,1.0,,281.0,0.57
2019-03-03,WN,N908WN,2539,10792,BUF,"Buffalo, NY",10821,BWI,"Baltimore, MD",21.0,13.0,0.0,50.0,281.0,0.47
2019-03-03,WN,N478WN,2533,10792,BUF,"Buffalo, NY",11697,FLL,"Fort Lauderdale, FL",-4.0,0.0,0.0,157.0,1166.0,0.4
2019-03-03,WN,N479WN,2545,10792,BUF,"Buffalo, NY",11697,FLL,"Fort Lauderdale, FL",-2.0,-12.0,0.0,159.0,1166.0,0.58
2019-03-03,WN,N8711Q,5812,10792,BUF,"Buffalo, NY",11697,FLL,"Fort Lauderdale, FL",-10.0,16.0,0.0,170.0,1166.0,0.45
2019-03-03,WN,N740SW,5059,10792,BUF,"Buffalo, NY",12889,LAS,"Las Vegas, NV",15.0,22.0,0.0,289.0,1986.0,0.35
2019-03-03,WN,N7868K,2522,10792,BUF,"Buffalo, NY",13204,MCO,"Orlando, FL",14.0,7.0,0.0,133.0,1011.0,0.54
2019-03-03,WN,N8613K,4121,10792,BUF,"Buffalo, NY",13204,MCO,"Orlando, FL",-2.0,39.0,0.0,161.0,1011.0,0.77
2019-03-03,WN,N8711Q,5893,10792,BUF,"Buffalo, NY",13204,MCO,"Orlando, FL",4.0,-6.0,0.0,140.0,1011.0,0.46
2019-03-03,WN,N8730Q,1098,10792,BUF,"Buffalo, NY",13232,MDW,"Chicago, IL",-1.0,-4.0,0.0,86.0,468.0,0.98
2019-03-03,WN,N7858A,2540,10792,BUF,"Buffalo, NY",13232,MDW,"Chicago, IL",-4.0,-7.0,0.0,89.0,468.0,0.32
2019-03-03,WN,N8656B,2525,10792,BUF,"Buffalo, NY",14107,PHX,"Phoenix, AZ",-3.0,-3.0,0.0,290.0,1912.0,0.75
2019-03-03,WN,N782SA,2547,10792,BUF,"Buffalo, NY",15304,TPA,"Tampa, FL",-2.0,-14.0,0.0,141.0,1053.0,0.83
2019-03-03,WN,N741SA,5016,10792,BUF,"Buffalo, NY",15304,TPA,"Tampa, FL",22.0,16.0,0.0,147.0,1053.0,0.32
2019-03-03,WN,N906WN,3967,10800,BUR,"Burbank, CA",11259,DAL,"Dallas, TX",-1.0,-31.0,0.0,139.0,1243.0,0.59
2019-03-03,WN,N8576Z,1336,10800,BUR,"Burbank, CA",11292,DEN,"Denver, CO",-4.0,-14.0,0.0,101.0,850.0,0.46
2019-03-03,WN,N220WN,5197,10800,BUR,"Burbank, CA",11292,DEN,"Denver, CO",19.0,19.0,0.0,100.0,850.0,0.49
2019-03-03,WN,N7889A,5456,10800,BUR,"Burbank, CA",12191,HOU,"Houston, TX",0.0,-24.0,0.0,151.0,1389.0,0.79
2019-03-03,WN,N732SW,46,10800,BUR,"Burbank, CA",12889,LAS,"Las Vegas, NV",-9.0,-19.0,0.0,42.0,223.0,0.63
2019-03-03,WN,N7741C,2053,10800,BUR,"Burbank, CA",12889,LAS,"Las Vegas, NV",5.0,-4.0,0.0,43.0,223.0,0.88
2019-03-03,WN,N969WN,2474,10800,BUR,"Burbank, CA",12889,LAS,"Las Vegas, NV",,,1.0,,223.0,0.32
2019-03-03,WN,N266WN,2561,10800,BUR,"Burbank, CA",12889,LAS,"Las Vegas, NV",6.0,2.0,0.0,40.0,223.0,0.96
2019-03-03,WN,N297WN,3994,10800,BUR,"Burbank, CA",12889,LAS,"Las Vegas, NV",-2.0,-11.0,0.0,43.0,223.0,0.78
2019-03-03,WN,N434WN,3996,10800,BUR,"Burbank, CA",12889,LAS,"Las Vegas, NV",0.0,-3.0,0.0,42.0,223.0,0.44
2019-03-03,WN,N735SA,4504,10800,BUR,"Burbank, CA",12889,LAS,"Las Vegas, NV",89.0,82.0,0.0,43.0,223.0,0.39
2019-03-03,WN,N7741C,4652,10800,BUR,"Burbank, CA",12889,LAS,"Las Vegas, NV",5.0,0.0,0.0,42.0,223.0,0.63
2019-03-03,WN,N792SW,5461,10800,BUR,"Burbank, CA",12889,LAS,"Las Vegas, NV",-6.0,-19.0,0.0,40.0,223.0,0.81
